gps_week,gps_sow,gps_datetime,x_ecef_m,y_ecef_m,z_ecef_m,vx_ecef_mps,vy_ecef_mps,vz_ecef_mps,q,ns,rnorm_m
2296,259228.999,2024-01-10T00:00:28.999000,-1127588.5913,-7260172.5037,-2354107.0996,2804.155700,1575.336900,-6190.613800,5,13,7715139.7298
2296,259229.999,2024-01-10T00:00:29.999000,-1124784.4356,-7258597.1668,-2360297.7134,2805.025450,1577.208100,-6189.674650,5,13,7715139.5420
2296,259230.999,2024-01-10T00:00:30.999000,-1121978.5404,-7257018.0875,-2366486.4489,2806.362950,1584.403700,-6187.157900,5,13,7715141.3130
2296,259231.999,2024-01-10T00:00:31.999000,-1119171.7097,-7255428.3594,-2372672.0292,2807.397800,1590.295150,-6184.489000,5,14,7715138.2718
2296,259232.999,2024-01-10T00:00:32.999000,-1116363.7448,-7253837.4972,-2378855.4269,2808.180100,1594.340400,-6182.974600,5,14,7715139.6351
2296,259233.999,2024-01-10T00:00:33.999000,-1113555.3495,-7252239.6786,-2385037.9784,2809.638550,1602.209300,-6181.234850,5,14,7715140.4414
2296,259234.999,2024-01-10T00:00:34.999000,-1110744.4677,-7250633.0786,-2391217.8966,2810.914950,1607.797500,-6179.141700,5,14,7715138.1285
2296,259235.999,2024-01-10T00:00:35.999000,-1107933.5196,-7249024.0836,-2397396.2618,2811.454750,1612.512000,-6176.971050,5,14,7715139.3821
2296,259236.999,2024-01-10T00:00:36.999000,-1105121.5582,-7247408.0546,-2403571.8387,2812.886700,1619.759900,-6174.082300,5,14,7715139.3216
2296,259237.999,2024-01-10T00:00:37.999000,-1102307.7462,-7245784.5638,-2409744.4264,2813.640350,1625.216050,-6172.248700,5,14,7715137.3619
2296,259238.999,2024-01-10T00:00:38.999000,-1099494.2775,-7244157.6225,-2415916.3361,2815.414350,1630.866200,-6171.355350,5,14,7715138.3052
2296,259239.999,2024-01-10T00:00:39.999000,-1096676.9175,-7242522.8314,-2422087.1371,2817.261350,1636.840350,-6168.883200,5,14,7715137.2849
2296,259240.999,2024-01-10T00:00:40.999000,-1093859.7548,-7240883.9418,-2428254.1025,2818.407200,1642.403450,-6166.165200,5,14,7715137.5495
2296,259241.999,2024-01-10T00:00:41.999000,-1091040.1031,-7239238.0245,-2434419.4675,2818.611650,1647.733300,-6164.202550,5,14,7715136.6693
2296,259242.999,2024-01-10T00:00:42.999000,-1088222.5315,-7237588.4752,-2440582.5076,2818.877400,1653.180750,-6161.529550,5,14,7715138.2483
2296,259243.999,2024-01-10T00:00:43.999000,-1085402.3483,-7235931.6630,-2446742.5266,2822.110200,1660.992750,-6159.878700,5,14,7715137.9949
2296,259244.999,2024-01-10T00:00:44.999000,-1082578.3111,-7234266.4897,-2452902.2650,2823.132400,1665.506450,-6157.909500,5,14,7715135.5766
2296,259245.999,2024-01-10T00:00:45.999000,-1079756.0835,-7232600.6501,-2459058.3456,2823.135500,1670.629150,-6155.703900,5,14,7715137.9321
2296,259246.999,2024-01-10T00:00:46.999000,-1076932.0401,-7230925.2314,-2465213.6728,2824.764350,1677.865350,-6154.145300,5,14,7715137.1196
2296,259247.999,2024-01-10T00:00:47.999000,-1074106.5548,-7229244.9194,-2471366.6362,2826.550100,1683.722650,-6151.752300,5,14,7715137.0724
2296,259248.999,2024-01-10T00:00:48.999000,-1071278.9399,-7227557.7861,-2477517.1774,2828.220800,1690.100750,-6148.832500,5,14,7715135.8694
2296,259249.999,2024-01-10T00:00:49.999000,-1068450.1132,-7225864.7179,-2483664.3012,2828.020400,1695.065150,-6146.449950,5,14,7715134.1483
2296,259250.999,2024-01-10T00:00:50.999000,-1065622.8991,-7224167.6558,-2489810.0773,2828.970900,1700.520100,-6144.744300,5,14,7715134.7819
2296,259251.999,2024-01-10T00:00:51.999000,-1062792.1714,-7222463.6777,-2495953.7898,2830.728050,1707.358950,-6142.676400,5,14,7715134.0945
2296,259252.999,2024-01-10T00:00:52.999000,-1059961.4430,-7220752.9379,-2502095.4301,2831.608300,1711.633600,-6141.021250,5,14,7715132.7138
2296,259253.999,2024-01-10T00:00:53.999000,-1057128.9548,-7219040.4105,-2508235.8323,2833.257500,1717.569750,-6139.100900,5,14,7715135.3239
2296,259254.999,2024-01-10T00:00:54.999000,-1054294.9280,-7217317.7984,-2514373.6319,2834.258700,1723.644800,-6136.678800,5,14,7715133.7486
2296,259255.999,2024-01-10T00:00:55.999000,-1051460.4374,-7215593.1209,-2520509.1899,2835.053800,1728.611600,-6134.308900,5,14,7715135.7547
2296,259256.999,2024-01-10T00:00:56.999000,-1048624.8204,-7213860.5752,-2526642.2497,2836.687200,1735.854850,-6131.263900,5,14,7715135.7389
2296,259257.999,2024-01-10T00:00:57.999000,-1045787.0630,-7212121.4112,-2532771.7177,2837.956300,1741.925250,-6129.218000,5,14,7715134.3737
2296,259258.999,2024-01-10T00:00:58.999000,-1042948.9078,-7210376.7247,-2538900.6857,2839.110250,1747.754250,-6127.795300,5,14,7715133.9346
2296,259259.999,2024-01-10T00:00:59.999000,-1040108.8425,-7208625.9027,-2545027.3083,2839.736000,1752.860650,-6125.452100,5,14,7715133.0390
2296,259260.999,2024-01-10T00:01:00.999000,-1037269.4358,-7206871.0034,-2551151.5899,2840.797100,1757.772000,-6123.382150,5,14,7715133.9571
2296,259261.999,2024-01-10T00:01:01.999000,-1034427.2483,-7205110.3587,-2557274.0726,2842.601150,1765.602600,-6120.039200,5,14,7715134.8462
2296,259262.999,2024-01-10T00:01:02.999000,-1031584.2335,-7203339.7982,-2563391.6683,2843.746600,1771.293100,-6118.390300,5,14,7715131.0504
2296,259263.999,2024-01-10T00:01:03.999000,-1028739.7551,-7201567.7725,-2569510.8532,2844.094900,1775.992200,-6116.930450,5,14,7715132.5258
2296,259264.999,2024-01-10T00:01:04.999000,-1025896.0437,-7199787.8138,-2575625.5292,2845.525600,1782.644250,-6113.680950,5,14,7715131.5039
2296,259265.999,2024-01-10T00:01:05.999000,-1023048.7039,-7198002.4840,-2581738.2151,2847.540600,1787.700200,-6112.105350,5,14,7715130.6289
2296,259266.999,2024-01-10T00:01:06.999000,-1020200.9625,-7196212.4134,-2587849.7399,2847.746150,1792.867500,-6109.821000,5,14,7715131.1965
2296,259267.999,2024-01-10T00:01:07.999000,-1017353.2116,-7194416.7490,-2593957.8571,2849.315750,1800.210550,-6106.853850,5,14,7715131.7085
2296,259268.999,2024-01-10T00:01:08.999000,-1014502.3310,-7192611.9923,-2600063.4476,2850.467550,1805.885550,-6105.455950,5,14,7715128.7859
2296,259269.999,2024-01-10T00:01:09.999000,-1011652.2765,-7190804.9779,-2606168.7690,2850.670000,1809.946750,-6103.646950,5,14,7715130.0839
2296,259270.999,2024-01-10T00:01:10.999000,-1008800.9910,-7188992.0988,-2612270.7415,2852.536050,1816.226550,-6101.048200,5,14,7715130.9297
2296,259271.999,2024-01-10T00:01:11.999000,-1005947.2044,-7187172.5248,-2618370.8654,2853.895200,1822.093150,-6098.145000,5,14,7715130.8912
2296,259272.999,2024-01-10T00:01:12.999000,-1003093.2006,-7185347.9125,-2624467.0315,2855.500300,1829.414750,-6096.009000,5,14,7715131.0936
2296,259273.999,2024-01-10T00:01:13.999000,-1000236.2038,-7183513.6953,-2630562.8834,2856.429950,1835.164750,-6093.861750,5,14,7715128.1621
2296,259274.999,2024-01-10T00:01:14.999000,-997380.3407,-7181677.5830,-2636654.7550,2856.527350,1839.980000,-6090.862950,5,14,7715128.5632
2296,259275.999,2024-01-10T00:01:15.999000,-994523.1491,-7179833.7353,-2642744.6093,2857.734600,1845.221800,-6089.248700,5,14,7715127.2077
2296,259276.999,2024-01-10T00:01:16.999000,-991664.8715,-7177987.1394,-2648833.2524,2859.754650,1851.871350,-6086.767800,5,14,7715129.0456
2296,259277.999,2024-01-10T00:01:17.999000,-988803.6398,-7176129.9926,-2654918.1449,2860.862850,1858.114750,-6084.574900,5,14,7715125.7064
2296,259278.999,2024-01-10T00:01:18.999000,-985943.1458,-7174270.9099,-2661002.4022,2861.825000,1861.918150,-6083.137250,5,14,7715126.7494
2296,259279.999,2024-01-10T00:01:19.999000,-983079.9898,-7172406.1563,-2667084.4194,2862.666150,1868.228600,-6080.419300,5,14,7715127.7136
2296,259280.999,2024-01-10T00:01:20.999000,-980217.8135,-7170534.4527,-2673163.2408,2863.436800,1875.043700,-6077.031650,5,14,7715127.5434
2296,259281.999,2024-01-10T00:01:21.999000,-977353.1162,-7168656.0689,-2679238.4827,2865.006200,1880.518250,-6075.052450,5,14,7715125.9092
2296,259282.999,2024-01-10T00:01:22.999000,-974487.8011,-7166773.4162,-2685313.3457,2865.806750,1884.909650,-6073.605550,5,14,7715126.4046
2296,259283.999,2024-01-10T00:01:23.999000,-971621.5027,-7164886.2496,-2691385.6938,2867.261100,1891.291600,-6071.312600,5,14,7715128.0137
2296,259284.999,2024-01-10T00:01:24.999000,-968753.2789,-7162990.8330,-2697455.9709,2868.448200,1898.477250,-6068.368350,5,14,7715127.3032
2296,259285.999,2024-01-10T00:01:25.999000,-965884.6063,-7161089.2951,-2703522.4305,2869.176000,1903.514350,-6065.492150,5,14,7715125.8251
2296,259286.999,2024-01-10T00:01:26.999000,-963014.9269,-7159183.8043,-2709586.9552,2870.405900,1908.783550,-6063.589200,5,14,7715126.1792
2296,259287.999,2024-01-10T00:01:27.999000,-960143.7945,-7157271.7280,-2715649.6089,2871.585750,1915.088000,-6061.276200,5,14,7715125.8896
2296,259288.999,2024-01-10T00:01:28.999000,-957271.7554,-7155353.6283,-2721709.5076,2873.108700,1921.220300,-6058.633850,5,14,7715125.2358
2296,259289.999,2024-01-10T00:01:29.999000,-954397.5771,-7153429.2874,-2727766.8766,2874.155800,1926.973550,-6056.220500,5,14,7715123.9418
2296,259290.999,2024-01-10T00:01:30.999000,-951523.4438,-7151499.6812,-2733821.9486,2874.986250,1932.137150,-6054.574600,5,14,7715123.2654
2296,259291.999,2024-01-10T00:01:31.999000,-948647.6046,-7149565.0131,-2739876.0258,2876.166250,1937.139500,-6052.836950,5,14,7715123.6407
2296,259292.999,2024-01-10T00:01:32.999000,-945771.1113,-7147625.4022,-2745927.6225,2876.475050,1942.226900,-6049.868600,5,14,7715124.7814
2296,259293.999,2024-01-10T00:01:33.999000,-942894.6545,-7145680.5593,-2751975.7630,2877.942750,1949.913650,-6046.907150,5,14,7715126.1548
2296,259294.999,2024-01-10T00:01:34.999000,-940015.2258,-7143725.5749,-2758021.4368,2879.889250,1956.617400,-6044.096150,5,14,7715123.1980
2296,259295.999,2024-01-10T00:01:35.999000,-937134.8760,-7141767.3245,-2764063.9553,2881.342700,1960.948100,-6042.314500,5,14,7715122.2830
2296,259296.999,2024-01-10T00:01:36.999000,-934252.5404,-7139803.6787,-2770106.0658,2881.234750,1965.508000,-6040.147400,5,14,7715122.2930
2296,259297.999,2024-01-10T00:01:37.999000,-931372.4065,-7137836.3085,-2776144.2501,2881.845550,1971.479800,-6037.104950,5,14,7715124.0187
2296,259298.999,2024-01-10T00:01:38.999000,-928488.8493,-7135860.7191,-2782180.2757,2884.142800,1977.956950,-6035.537450,5,14,7715123.2545
2296,259299.999,2024-01-10T00:01:39.999000,-925604.1209,-7133880.3946,-2788215.3250,2885.180950,1984.759150,-6032.935900,5,14,7715123.9246
2296,259300.999,2024-01-10T00:01:40.999000,-922718.4874,-7131891.2008,-2794246.1475,2885.705850,1989.779350,-6029.794250,5,14,7715121.0645
2296,259301.999,2024-01-10T00:01:41.999000,-919832.7092,-7129900.8359,-2800274.9135,2887.307650,1995.616050,-6027.846700,5,14,7715122.6649
2296,259302.999,2024-01-10T00:01:42.999000,-916943.8721,-7127899.9687,-2806301.8409,2888.250500,2001.387450,-6025.542450,5,14,7715119.8338
2296,259303.999,2024-01-10T00:01:43.999000,-914056.2082,-7125898.0610,-2812325.9984,2888.908150,2005.786700,-6023.243450,5,14,7715121.4798
2296,259304.999,2024-01-10T00:01:44.999000,-911166.0558,-7123888.3953,-2818348.3278,2890.447650,2013.261800,-6020.209100,5,14,7715121.3047
2296,259305.999,2024-01-10T00:01:45.999000,-908275.3129,-7121871.5374,-2824366.4166,2891.358100,2018.686800,-6017.789550,5,14,7715119.1756
2296,259306.999,2024-01-10T00:01:46.999000,-905383.3396,-7119851.0217,-2830383.9069,2892.491650,2023.276750,-6016.051100,5,14,7715119.6117
2296,259307.999,2024-01-10T00:01:47.999000,-902490.3296,-7117824.9839,-2836398.5188,2893.070700,2029.457150,-6012.713500,5,14,7715120.0803
2296,259308.999,2024-01-10T00:01:48.999000,-899597.1982,-7115792.1074,-2842409.3339,2894.334150,2036.155350,-6010.390200,5,14,7715119.1343
2296,259309.999,2024-01-10T00:01:49.999000,-896701.6613,-7113752.6732,-2848419.2992,2895.249800,2040.350000,-6008.628050,5,14,7715117.8519
2296,259310.999,2024-01-10T00:01:50.999000,-893806.6986,-7111711.4074,-2854426.5900,2896.869850,2045.509600,-6006.009400,5,14,7715120.2657
2296,259311.999,2024-01-10T00:01:51.999000,-890907.9216,-7109661.6540,-2860431.3180,2898.050700,2052.584100,-6003.144950,5,14,7715119.7712
2296,259312.999,2024-01-10T00:01:52.999000,-888010.5972,-7107606.2392,-2866432.8799,2897.992100,2057.859000,-6001.442450,5,14,7715119.3592
2296,259313.999,2024-01-10T00:01:53.999000,-885111.9374,-7105545.9360,-2872434.2029,2900.067700,2063.798400,-5999.049000,5,14,7715120.5072
2296,259314.999,2024-01-10T00:01:54.999000,-882210.4618,-7103478.6424,-2878430.9779,2901.388600,2069.375250,-5995.973150,5,14,7715119.5076
2296,259315.999,2024-01-10T00:01:55.999000,-879309.1602,-7101407.1855,-2884426.1492,2902.231400,2075.666200,-5993.121250,5,14,7715120.4024
2296,259316.999,2024-01-10T00:01:56.999000,-876405.9990,-7099327.3100,-2890417.2204,2903.125300,2081.692900,-5990.017800,5,14,7715118.1091
2296,259317.999,2024-01-10T00:01:57.999000,-873502.9096,-7097243.7997,-2896406.1848,2903.671450,2086.818700,-5987.744800,5,14,7715117.9947
2296,259318.999,2024-01-10T00:01:58.999000,-870598.6561,-7095153.6726,-2902392.7100,2905.226050,2092.796400,-5985.738900,5,14,7715117.0504
2296,259319.999,2024-01-10T00:01:59.999000,-867692.4575,-7093058.2069,-2908377.6626,2906.880500,2098.234400,-5983.777050,5,15,7715116.6910
2296,259320.999,2024-01-10T00:02:00.999000,-864784.8951,-7090957.2038,-2914360.2641,2908.107900,2104.585100,-5980.657900,5,15,7715116.5079
2296,259321.999,2024-01-10T00:02:01.999000,-861876.2417,-7088849.0367,-2920338.9784,2908.079600,2109.661450,-5978.004100,5,15,7715114.4560
2296,259322.999,2024-01-10T00:02:02.999000,-858968.7359,-7086737.8809,-2926316.2723,2908.635600,2114.055600,-5975.965300,5,15,7715115.5537
2296,259323.999,2024-01-10T00:02:03.999000,-856058.9705,-7084620.9255,-2932290.9090,2911.016100,2121.092050,-5972.458100,5,15,7715116.3694
2296,259324.999,2024-01-10T00:02:04.999000,-853146.7037,-7082495.6968,-2938261.1885,2911.907150,2127.051950,-5970.080400,5,15,7715113.9593
2296,259325.999,2024-01-10T00:02:05.999000,-850235.1562,-7080366.8216,-2944231.0698,2911.441750,2132.003750,-5968.569700,5,15,7715114.4348
2296,259326.999,2024-01-10T00:02:06.999000,-847323.8202,-7078231.6893,-2950198.3279,2913.442250,2138.665950,-5965.591600,5,15,7715114.4954
2296,259327.999,2024-01-10T00:02:07.999000,-844408.2717,-7076089.4897,-2956162.2530,2915.536300,2143.152000,-5962.939000,5,15,7715112.6409
2296,259328.999,2024-01-10T00:02:08.999000,-841492.7476,-7073945.3853,-2962124.2059,2915.824450,2148.842400,-5960.396950,5,15,7715114.5921
2296,259329.999,2024-01-10T00:02:09.999000,-838576.6228,-7071791.8049,-2968083.0469,2916.596950,2155.248950,-5958.110100,5,15,7715112.8999
2296,259330.999,2024-01-10T00:02:10.999000,-835659.5537,-7069634.8874,-2974040.4261,2917.553300,2160.742950,-5954.884250,5,15,7715113.7896
2296,259331.999,2024-01-10T00:02:11.999000,-832741.5162,-7067470.3190,-2979992.8154,2918.595900,2165.936900,-5952.547600,5,15,7715111.9449
2296,259332.999,2024-01-10T00:02:12.999000,-829822.3619,-7065303.0136,-2985945.5213,2919.961050,2172.051400,-5950.332750,5,15,7715113.8995
2296,259333.999,2024-01-10T00:02:13.999000,-826901.5941,-7063126.2162,-2991893.4809,2920.647250,2178.737650,-5946.572900,5,15,7715111.4570
2296,259334.999,2024-01-10T00:02:14.999000,-823981.0674,-7060945.5383,-2997838.6671,2921.644100,2183.053850,-5944.485750,5,15,7715110.7165
2296,259335.999,2024-01-10T00:02:15.999000,-821058.3059,-7058760.1085,-3003782.4524,2923.243300,2187.958900,-5942.711600,5,15,7715111.1484
2296,259336.999,2024-01-10T00:02:16.999000,-818134.5808,-7056569.6205,-3009724.0903,2924.173700,2195.015450,-5939.891300,5,15,7715112.3194
2296,259337.999,2024-01-10T00:02:17.999000,-815209.9585,-7054370.0776,-3015662.2350,2924.775950,2200.995100,-5936.766000,5,15,7715110.0565
2296,259338.999,2024-01-10T00:02:18.999000,-812285.0289,-7052167.6303,-3021597.6223,2925.787250,2205.956400,-5934.014300,5,15,7715110.3327
2296,259339.999,2024-01-10T00:02:19.999000,-809358.3840,-7049958.1648,-3027530.2636,2927.011450,2211.995550,-5931.216000,5,15,7715109.2420
2296,259340.999,2024-01-10T00:02:20.999000,-806431.0060,-7047743.6392,-3033460.0543,2928.330700,2216.909200,-5929.323300,5,15,7715108.6365
2296,259341.999,2024-01-10T00:02:21.999000,-803501.7226,-7045524.3464,-3039388.9102,2929.230350,2222.705450,-5927.227850,5,15,7715109.4147
2296,259342.999,2024-01-10T00:02:22.999000,-800572.5453,-7043298.2283,-3045314.5100,2930.169000,2229.625000,-5923.430600,5,15,7715108.9946
2296,259343.999,2024-01-10T00:02:23.999000,-797641.3846,-7041065.0964,-3051235.7714,2930.799150,2234.015750,-5920.871100,5,15,7715106.5581
2296,259344.999,2024-01-10T00:02:24.999000,-794710.9470,-7038830.1968,-3057156.2522,2931.325050,2239.357400,-5918.262700,5,15,7715108.5786
2296,259345.999,2024-01-10T00:02:25.999000,-791778.7345,-7036586.3816,-3063072.2968,2933.480700,2245.477200,-5915.997700,5,15,7715106.8279
2296,259346.999,2024-01-10T00:02:26.999000,-788843.9856,-7034339.2424,-3068988.2476,2934.519500,2250.172700,-5914.302600,5,15,7715108.0533
2296,259347.999,2024-01-10T00:02:27.999000,-785909.6955,-7032086.0362,-3074900.9020,2934.575700,2256.481700,-5910.478050,5,15,7715108.7891
2296,259348.999,2024-01-10T00:02:28.999000,-782974.8342,-7029826.2790,-3080809.2037,2935.639900,2262.322750,-5907.325850,5,15,7715108.0649
2296,259349.999,2024-01-10T00:02:29.999000,-780038.4157,-7027561.3907,-3086715.5537,2937.337850,2268.138750,-5905.013600,5,15,7715108.0316
2296,259350.999,2024-01-10T00:02:30.999000,-777100.1585,-7025290.0015,-3092619.2309,2938.644750,2274.104700,-5902.806600,5,15,7715107.1262
2296,259351.999,2024-01-10T00:02:31.999000,-774161.1262,-7023013.1813,-3098521.1669,2939.055250,2279.278350,-5900.224500,5,15,7715106.8052
2296,259352.999,2024-01-10T00:02:32.999000,-771222.0480,-7020731.4448,-3104419.6799,2939.876100,2285.359450,-5896.910150,5,15,7715106.9349
2296,259353.999,2024-01-10T00:02:33.999000,-768281.3740,-7018442.4624,-3110314.9872,2941.055800,2290.159850,-5893.827200,5,15,7715105.3257
2296,259354.999,2024-01-10T00:02:34.999000,-765339.9364,-7016151.1251,-3116207.3343,2941.789400,2295.079000,-5891.761000,5,15,7715106.6084
2296,259355.999,2024-01-10T00:02:35.999000,-762397.7952,-7013852.3044,-3122098.5092,2943.598750,2302.054450,-5889.465350,5,15,7715106.8461
2296,259356.999,2024-01-10T00:02:36.999000,-759452.7389,-7011547.0162,-3127986.2650,2944.624650,2307.506150,-5886.630150,5,15,7715105.8384
2296,259357.999,2024-01-10T00:02:37.999000,-756508.5459,-7009237.2921,-3133871.7695,2944.800500,2313.101150,-5883.743100,5,15,7715106.2770
2296,259358.999,2024-01-10T00:02:38.999000,-753563.1379,-7006920.8139,-3139753.7512,2946.061800,2319.427550,-5880.558050,5,15,7715105.3339
2296,259359.999,2024-01-10T00:02:39.999000,-750616.4223,-7004598.4370,-3145632.8856,2947.623750,2325.310700,-5877.747400,5,15,7715104.0517
2296,259360.999,2024-01-10T00:02:40.999000,-747667.8904,-7002270.1925,-3151509.2460,2948.044050,2329.281950,-5875.916850,5,15,7715102.4394
2296,259361.999,2024-01-10T00:02:41.999000,-744720.3342,-6999939.8731,-3157384.7193,2948.774200,2335.716300,-5872.486950,5,15,7715104.9811
2296,259362.999,2024-01-10T00:02:42.999000,-741770.3420,-6997598.7599,-3163254.2199,2949.815250,2341.183700,-5869.216350,5,15,7715101.3541
2296,259363.999,2024-01-10T00:02:43.999000,-738820.7037,-6995257.5057,-3169123.1520,2951.010600,2345.461500,-5867.914650,5,15,7715103.7035
2296,259364.999,2024-01-10T00:02:44.999000,-735868.3208,-6992907.8369,-3174990.0492,2951.830350,2352.256600,-5864.426950,5,15,7715103.6295
2296,259365.999,2024-01-10T00:02:45.999000,-732917.0430,-6990552.9925,-3180852.0059,2952.691250,2357.646200,-5861.562200,5,15,7715103.2408
2296,259366.999,2024-01-10T00:02:46.999000,-729962.9383,-6988192.5445,-3186713.1736,2955.212450,2364.478150,-5859.238500,5,15,7715103.4848
2296,259367.999,2024-01-10T00:02:47.999000,-727006.6181,-6985824.0362,-3192570.4829,2954.817450,2369.831900,-5856.109450,5,15,7715100.9310
2296,259368.999,2024-01-10T00:02:48.999000,-724053.3034,-6983452.8807,-3198425.3925,2954.657050,2374.242400,-5853.266650,5,15,7715101.5751
2296,259369.999,2024-01-10T00:02:49.999000,-721097.3040,-6981075.5514,-3204277.0162,2957.357250,2380.163050,-5850.927900,5,15,7715101.3197
2296,259370.999,2024-01-10T00:02:50.999000,-718138.5889,-6978692.5546,-3210127.2483,2958.409900,2386.795600,-5847.598800,5,15,7715101.4092
2296,259371.999,2024-01-10T00:02:51.999000,-715180.4842,-6976301.9602,-3215972.2138,2958.408800,2391.413100,-5844.362200,5,15,7715098.7968
2296,259372.999,2024-01-10T00:02:52.999000,-712221.7713,-6973909.7284,-3221815.9727,2959.731050,2396.725550,-5842.237550,5,15,7715100.4474
2296,259373.999,2024-01-10T00:02:53.999000,-709261.0221,-6971508.5091,-3227656.6889,2960.984200,2402.578050,-5839.711200,5,15,7715098.8193
2296,259374.999,2024-01-10T00:02:54.999000,-706299.8029,-6969104.5723,-3233495.3951,2961.586600,2406.889150,-5836.782500,5,15,7715100.1563
2296,259375.999,2024-01-10T00:02:55.999000,-703337.8489,-6966694.7308,-3239330.2539,2962.333800,2413.838950,-5833.870200,5,15,7715100.7832
2296,259376.999,2024-01-10T00:02:56.999000,-700375.1353,-6964276.8944,-3245163.1355,2963.586700,2420.611100,-5830.906650,5,15,7715099.5955
2296,259377.999,2024-01-10T00:02:57.999000,-697410.6755,-6961853.5086,-3250992.0672,2964.547550,2425.116300,-5828.079650,5,15,7715097.8831
2296,259378.999,2024-01-10T00:02:58.999000,-694446.0402,-6959426.6618,-3256819.2948,2965.157350,2430.524000,-5825.053000,5,15,7715098.6178
2296,259379.999,2024-01-10T00:02:59.999000,-691480.3608,-6956992.4606,-3262642.1732,2966.269850,2435.103950,-5822.774700,5,15,7715097.0918
2296,259380.999,2024-01-10T00:03:00.999000,-688513.5005,-6954556.4539,-3268464.8442,2967.560350,2441.588950,-5820.038450,5,15,7715100.0479
2296,259381.999,2024-01-10T00:03:01.999000,-685545.2401,-6952109.2827,-3274282.2501,2968.710850,2448.797550,-5815.823250,5,15,7715096.8891
2296,259382.999,2024-01-10T00:03:02.999000,-682576.0788,-6949658.8588,-3280096.4907,2969.455500,2452.609200,-5814.003300,5,15,7715095.6796
2296,259383.999,2024-01-10T00:03:03.999000,-679606.3291,-6947204.0643,-3285910.2567,2970.367800,2457.973850,-5812.129550,5,15,7715096.5832
2296,259384.999,2024-01-10T00:03:04.999000,-676635.3432,-6944742.9111,-3291720.7498,2971.259450,2463.908550,-5808.268850,5,15,7715096.5635
2296,259385.999,2024-01-10T00:03:05.999000,-673663.8102,-6942276.2472,-3297526.7944,2972.047400,2469.000350,-5805.555650,5,15,7715095.9412
2296,259386.999,2024-01-10T00:03:06.999000,-670691.2484,-6939804.9104,-3303331.8611,2973.610350,2475.271250,-5802.772100,5,15,7715096.9099
2296,259387.999,2024-01-10T00:03:07.999000,-667716.5895,-6937325.7047,-3309132.3386,2973.946000,2481.196700,-5799.288400,5,15,7715094.9580
2296,259388.999,2024-01-10T00:03:08.999000,-664743.3564,-6934842.5170,-3314930.4379,2974.240350,2485.431050,-5796.333750,5,15,7715094.8324
2296,259389.999,2024-01-10T00:03:09.999000,-661768.1088,-6932354.8426,-3320725.0061,2975.938250,2491.943000,-5793.877200,5,15,7715095.2852
2296,259390.999,2024-01-10T00:03:10.999000,-658791.4799,-6929858.6310,-3326518.1923,2976.529900,2497.389250,-5791.460500,5,15,7715093.6575
2296,259391.999,2024-01-10T00:03:11.999000,-655815.0490,-6927360.0641,-3332307.9271,2977.401800,2501.375000,-5788.560100,5,15,7715094.7471
2296,259392.999,2024-01-10T00:03:12.999000,-652836.6763,-6924855.8810,-3338095.3125,2979.704400,2508.973050,-5785.033600,5,15,7715095.9173
2296,259393.999,2024-01-10T00:03:13.999000,-649855.6402,-6922342.1180,-3343877.9943,2980.364550,2515.280950,-5781.718800,5,15,7715092.5330
2296,259394.999,2024-01-10T00:03:14.999000,-646875.9472,-6919825.3191,-3349658.7501,2980.272050,2519.476050,-5779.342350,5,15,7715092.0072
2296,259395.999,2024-01-10T00:03:15.999000,-643895.0961,-6917303.1659,-3355436.6790,2980.856450,2525.054150,-5776.536450,5,15,7715091.6579
2296,259396.999,2024-01-10T00:03:16.999000,-640914.2343,-6914775.2108,-3361211.8230,2981.876600,2530.225400,-5773.969200,5,15,7715091.1978
2296,259397.999,2024-01-10T00:03:17.999000,-637931.3429,-6912242.7151,-3366984.6174,2983.532000,2534.955700,-5771.398450,5,15,7715091.7794
2296,259398.999,2024-01-10T00:03:18.999000,-634947.1703,-6909705.2994,-3372754.6199,2984.430700,2541.156850,-5768.181550,5,15,7715092.9327
2296,259399.999,2024-01-10T00:03:19.999000,-631962.4815,-6907160.4014,-3378520.9805,2984.997450,2547.464050,-5764.769400,5,15,7715092.0542
2296,259400.999,2024-01-10T00:03:20.999000,-628977.1754,-6904610.3713,-3384284.1587,2986.373700,2552.924150,-5761.401600,5,15,7715091.4404
2296,259401.999,2024-01-10T00:03:21.999000,-625989.7341,-6902054.5531,-3390043.7837,2987.211650,2558.368900,-5759.276650,5,15,7715090.2170
2296,259402.999,2024-01-10T00:03:22.999000,-623002.7521,-6899493.6335,-3395802.7120,2987.438800,2563.981100,-5756.031050,5,15,7715090.4652
2296,259403.999,2024-01-10T00:03:23.999000,-620014.8565,-6896926.5909,-3401555.8458,2989.379300,2570.298550,-5752.519850,5,15,7715088.9168
2296,259404.999,2024-01-10T00:03:24.999000,-617023.9935,-6894353.0364,-3407307.7517,2989.731450,2574.041650,-5749.862150,5,15,7715087.0710
2296,259405.999,2024-01-10T00:03:25.999000,-614035.3936,-6891778.5076,-3413055.5701,2989.600350,2578.782350,-5746.873700,5,15,7715089.0330
2296,259406.999,2024-01-10T00:03:26.999000,-611044.7928,-6889195.4717,-3418801.4991,2991.177950,2585.067900,-5744.371550,5,15,7715088.7018
2296,259407.999,2024-01-10T00:03:27.999000,-608053.0377,-6886608.3718,-3424544.3132,2993.081550,2591.629300,-5741.457450,5,15,7715089.5728
2296,259408.999,2024-01-10T00:03:28.999000,-605058.6297,-6884012.2131,-3430284.4140,2993.802400,2597.544800,-5738.724450,5,15,7715087.2488
2296,259409.999,2024-01-10T00:03:29.999000,-602065.4329,-6881413.2822,-3436021.7621,2993.587800,2601.069550,-5735.545500,5,15,7715087.6272
2296,259410.999,2024-01-10T00:03:30.999000,-599071.4541,-6878810.0740,-3441755.5050,2995.254650,2607.559350,-5732.079650,5,15,7715088.8263
2296,259411.999,2024-01-10T00:03:31.999000,-596074.9236,-6876198.1635,-3447485.9214,2996.519900,2613.880250,-5729.253300,5,15,7715086.8872
2296,259412.999,2024-01-10T00:03:32.999000,-593078.4143,-6873582.3135,-3453214.0116,2996.901400,2619.950700,-5725.822500,5,15,7715086.7031
2296,259413.999,2024-01-10T00:03:33.999000,-590081.1208,-6870958.2621,-3458937.5664,2997.559350,2623.678100,-5723.450450,5,15,7715083.4251
2296,259414.999,2024-01-10T00:03:34.999000,-587083.2956,-6868334.9573,-3464660.9125,2998.925500,2628.664750,-5720.496800,5,15,7715086.9807
2296,259415.999,2024-01-10T00:03:35.999000,-584083.2698,-6865700.9326,-3470378.5600,2999.450500,2635.032000,-5717.080650,5,15,7715084.5693
2296,259416.999,2024-01-10T00:03:36.999000,-581084.3946,-6863064.8933,-3476095.0738,3000.693900,2641.245050,-5714.757850,5,15,7715086.2448
2296,259417.999,2024-01-10T00:03:37.999000,-578081.8820,-6860418.4425,-3481808.0757,3001.128400,2646.546350,-5711.090300,5,15,7715083.1068
2296,259418.999,2024-01-10T00:03:38.999000,-575082.1378,-6857771.8006,-3487517.2544,3001.428300,2650.769250,-5708.099050,5,15,7715084.5837
2296,259419.999,2024-01-10T00:03:39.999000,-572079.0254,-6855116.9040,-3493224.2738,3004.108000,2657.075750,-5705.451800,5,15,7715083.7977
2296,259420.999,2024-01-10T00:03:40.999000,-569073.9218,-6852457.6491,-3498928.1580,3004.411350,2661.790650,-5702.897850,5,15,7715083.8761
2296,259421.999,2024-01-10T00:03:41.999000,-566070.2027,-6849793.3227,-3504630.0695,3004.263800,2667.675200,-5699.421550,5,15,7715084.9614
2296,259422.999,2024-01-10T00:03:42.999000,-563065.3942,-6847122.2987,-3510327.0011,3005.903450,2673.449500,-5695.824150,5,15,7715084.0609
2296,259423.999,2024-01-10T00:03:43.999000,-560058.3958,-6844446.4237,-3516021.7178,3006.842000,2679.094100,-5692.726200,5,15,7715083.9901
2296,259424.999,2024-01-10T00:03:44.999000,-557051.7102,-6841764.1105,-3521712.4535,3007.358350,2684.505950,-5689.748250,5,15,7715082.7187
2296,259425.999,2024-01-10T00:03:45.999000,-554043.6791,-6839077.4118,-3527401.2143,3008.348050,2689.893150,-5687.109600,5,15,7715082.8621
2296,259426.999,2024-01-10T00:03:46.999000,-551035.0141,-6836384.3242,-3533086.6727,3009.663050,2695.873650,-5683.713900,5,15,7715082.0898
2296,259427.999,2024-01-10T00:03:47.999000,-548024.3530,-6833685.6645,-3538768.6421,3010.115000,2700.947500,-5680.723150,5,15,7715080.9429
2296,259428.999,2024-01-10T00:03:48.999000,-545014.7841,-6830982.4292,-3544448.1190,3010.567000,2706.675450,-5678.016000,5,15,7715080.9802
2296,259429.999,2024-01-10T00:03:49.999000,-542003.2190,-6828272.3136,-3550124.6741,3012.032450,2711.872350,-5674.616400,5,15,7715079.7455
2296,259430.999,2024-01-10T00:03:50.999000,-538990.7192,-6825558.6845,-3555797.3518,3011.967000,2716.215250,-5671.229050,5,15,7715079.8543
2296,259431.999,2024-01-10T00:03:51.999000,-535979.2850,-6822839.8831,-3561467.1322,3013.261800,2722.093800,-5668.588900,5,15,7715080.4272
2296,259432.999,2024-01-10T00:03:52.999000,-532964.1956,-6820114.4969,-3567134.5296,3015.073500,2727.828100,-5665.546250,5,15,7715080.1251
2296,259433.999,2024-01-10T00:03:53.999000,-529949.1380,-6817384.2269,-3572798.2247,3015.147450,2733.101650,-5662.298800,5,15,7715080.0994
2296,259434.999,2024-01-10T00:03:54.999000,-526933.9007,-6814648.2936,-3578459.1272,3016.237850,2738.898450,-5659.418100,5,15,7715080.0661
2296,259435.999,2024-01-10T00:03:55.999000,-523916.6623,-6811906.4300,-3584117.0609,3018.132300,2745.918750,-5655.918500,5,15,7715079.5839
2296,259436.999,2024-01-10T00:03:56.999000,-520897.6361,-6809156.4561,-3589770.9642,3017.694800,2750.361850,-5652.356650,5,15,7715076.2515
2296,259437.999,2024-01-10T00:03:57.999000,-517881.2727,-6806405.7063,-3595421.7742,3017.839050,2754.151300,-5649.545500,5,16,7715077.2767
2296,259438.999,2024-01-10T00:03:58.999000,-514861.9580,-6803648.1535,-3601070.0552,3019.771000,2759.880800,-5647.152600,5,16,7715077.2242
2296,259439.999,2024-01-10T00:03:59.999000,-511841.7307,-6800885.9447,-3606716.0794,3019.927950,2765.241950,-5644.148050,5,16,7715078.2541
2296,259440.999,2024-01-10T00:04:00.999000,-508822.1021,-6798117.6696,-3612358.3513,3021.085750,2771.648000,-5640.090200,5,16,7715078.5245
2296,259441.999,2024-01-10T00:04:01.999000,-505799.5592,-6795342.6487,-3617996.2598,3022.411200,2777.479200,-5637.493250,5,16,7715076.9175
2296,259442.999,2024-01-10T00:04:02.999000,-502777.2797,-6792562.7112,-3623633.3378,3023.290300,2782.566700,-5634.798950,5,16,7715076.9112
2296,259443.999,2024-01-10T00:04:03.999000,-499752.9786,-6789777.5153,-3629265.8577,3024.027500,2788.491550,-5630.510250,5,16,7715076.3063
2296,259444.999,2024-01-10T00:04:04.999000,-496729.2247,-6786985.7281,-3634894.3583,3024.061750,2794.398700,-5626.746150,5,16,7715074.3478
2296,259445.999,2024-01-10T00:04:05.999000,-493704.8551,-6784188.7179,-3640519.3500,3025.462450,2797.681800,-5625.035750,5,16,7715072.4029
2296,259446.999,2024-01-10T00:04:06.999000,-490678.2998,-6781390.3645,-3646144.4298,3026.433100,2801.932150,-5622.933600,5,16,7715075.4807
2296,259447.999,2024-01-10T00:04:07.999000,-487651.9889,-6778584.8536,-3651765.2172,3026.910500,2809.570650,-5618.183750,5,16,7715076.5571
2296,259448.999,2024-01-10T00:04:08.999000,-484624.4788,-6775771.2232,-3657380.7973,3027.683150,2815.827500,-5613.908600,5,16,7715074.2609
2296,259449.999,2024-01-10T00:04:09.999000,-481596.6226,-6772953.1986,-3662993.0344,3028.706700,2821.057950,-5612.140500,5,15,7715072.7999
2296,259450.999,2024-01-10T00:04:10.999000,-478567.0654,-6770129.1073,-3668605.0783,3029.608600,2825.792100,-5609.794050,5,15,7715072.1180
2296,259451.999,2024-01-10T00:04:11.999000,-475537.4054,-6767301.6144,-3674212.6225,3030.030250,2830.493800,-5605.568250,5,15,7715072.6088
2296,259452.999,2024-01-10T00:04:12.999000,-472507.0049,-6764468.1197,-3679816.2148,3031.519850,2835.506450,-5602.986950,5,15,7715072.2088
2296,259453.999,2024-01-10T00:04:13.999000,-469474.3657,-6761630.6015,-3685418.5964,3031.986100,2841.119100,-5599.719300,5,15,7715073.8689
2296,259454.999,2024-01-10T00:04:14.999000,-466443.0327,-6758785.8815,-3691015.6534,3032.980150,2848.213700,-5595.756150,5,15,7715073.0553
2296,259455.999,2024-01-10T00:04:15.999000,-463408.4054,-6755934.1741,-3696610.1087,3034.056100,2853.144150,-5592.951950,5,15,7715070.9790
2296,259456.999,2024-01-10T00:04:16.999000,-460374.9205,-6753079.5932,-3702201.5573,3033.898200,2857.109000,-5589.283250,5,15,7715071.3173
2296,259457.999,2024-01-10T00:04:17.999000,-457340.6090,-6750219.9561,-3707788.6752,3035.267400,2863.277150,-5585.517850,5,15,7715071.4027
2296,259458.999,2024-01-10T00:04:18.999000,-454304.3857,-6747353.0389,-3713372.5930,3036.119300,2869.251700,-5583.016150,5,15,7715069.7677
2296,259459.999,2024-01-10T00:04:19.999000,-451268.3704,-6744481.4527,-3718954.7075,3036.977100,2874.364500,-5580.331900,5,15,7715069.4958
2296,259460.999,2024-01-10T00:04:20.999000,-448230.4315,-6741604.3099,-3724533.2568,3037.923800,2879.466400,-5577.230850,5,15,7715068.8378
2296,259461.999,2024-01-10T00:04:21.999000,-445192.5228,-6738722.5199,-3730109.1692,3038.623400,2884.468150,-5573.927600,5,15,7715069.1505
2296,259462.999,2024-01-10T00:04:22.999000,-442153.1847,-6735835.3736,-3735681.1120,3039.827700,2890.478000,-5570.204650,5,15,7715069.0852
2296,259463.999,2024-01-10T00:04:23.999000,-439112.8674,-6732941.5639,-3741249.5785,3040.153600,2895.613050,-5566.471550,5,15,7715067.7652
2296,259464.999,2024-01-10T00:04:24.999000,-436072.8775,-6730044.1475,-3746814.0551,3040.627000,2901.706800,-5562.902800,5,15,7715067.6825
2296,259465.999,2024-01-10T00:04:25.999000,-433031.6134,-6727138.1503,-3752375.3841,3041.843050,2906.720200,-5560.798500,5,15,7715064.8147
2296,259466.999,2024-01-10T00:04:26.999000,-429989.1914,-6724230.7071,-3757935.6521,3042.339150,2909.377100,-5558.609750,5,15,7715066.4075
2296,259467.999,2024-01-10T00:04:27.999000,-426946.9351,-6721319.3961,-3763492.6036,3042.703700,2917.032750,-5554.008050,5,15,7715069.3248
2296,259468.999,2024-01-10T00:04:28.999000,-423903.7840,-6718396.6416,-3769043.6682,3044.141100,2922.970950,-5550.314650,5,15,7715065.6527
2296,259469.999,2024-01-10T00:04:29.999000,-420858.6529,-6715473.4542,-3774593.2329,3045.536700,2927.202300,-5547.410250,5,15,7715067.0635
2296,259470.999,2024-01-10T00:04:30.999000,-417812.7106,-6712542.2370,-3780138.4887,3045.803100,2933.355000,-5544.656750,5,15,7715065.6341
2296,259471.999,2024-01-10T00:04:31.999000,-414767.0467,-6709606.7442,-3785682.5464,3046.554850,2938.351150,-5540.783850,5,15,7715066.2153
2296,259472.999,2024-01-10T00:04:32.999000,-411719.6009,-6706665.5347,-3791220.0564,3047.262250,2943.743950,-5537.015600,5,15,7715064.8176
2296,259473.999,2024-01-10T00:04:33.999000,-408672.5222,-6703719.2563,-3796756.5776,3048.260050,2949.231950,-5534.671200,5,15,7715064.8479
2296,259474.999,2024-01-10T00:04:34.999000,-405623.0808,-6700767.0708,-3802289.3988,3048.747400,2954.532300,-5530.661150,5,15,7715064.1017
2296,259475.999,2024-01-10T00:04:35.999000,-402575.0274,-6697810.1917,-3807817.8999,3049.056000,2959.651350,-5527.798550,5,15,7715063.5238
2296,259476.999,2024-01-10T00:04:36.999000,-399524.9688,-6694847.7681,-3813344.9959,3050.538450,2964.753200,-5525.088000,5,15,7715063.6353
2296,259477.999,2024-01-10T00:04:37.999000,-396473.9505,-6691880.6853,-3818868.0759,3053.071436,2972.223112,-5523.206603,5,15,7715063.9713
2296,259478.998,2024-01-10T00:04:38.998000,-393421.8790,-6688906.2941,-3824385.8859,3053.555128,2976.943572,-5520.573187,5,15,7715061.6064
2296,259479.998,2024-01-10T00:04:39.998000,-390369.8938,-6685929.7751,-3829903.7017,3052.276200,2980.903250,-5514.945300,5,15,7715063.7052
2296,259480.998,2024-01-10T00:04:40.998000,-387317.3266,-6682944.4876,-3835415.7765,3053.419050,2987.598450,-5510.335600,5,15,7715061.6274
2296,259481.998,2024-01-10T00:04:41.998000,-384263.0557,-6679954.5782,-3840924.3729,3054.482950,2992.123350,-5507.769300,5,15,7715060.0322
2296,259482.998,2024-01-10T00:04:42.998000,-381208.3607,-6676960.2409,-3846431.3151,3055.049550,2997.421550,-5504.363550,5,15,7715060.0603
2296,259483.998,2024-01-10T00:04:43.998000,-378152.9566,-6673959.7351,-3851933.1000,3055.764850,3002.366200,-5501.447800,5,15,7715058.4451
2296,259484.998,2024-01-10T00:04:44.998000,-375096.8310,-6670955.5085,-3857434.2107,3056.568000,3006.619600,-5499.048400,5,15,7715059.5409
2296,259485.998,2024-01-10T00:04:45.998000,-372039.8206,-6667946.4959,-3862931.1968,3057.807250,3012.763500,-5494.464550,5,15,7715060.6953
2296,259486.998,2024-01-10T00:04:46.998000,-368981.2165,-6664929.9815,-3868423.1398,3057.755350,3018.353500,-5490.798200,5,15,7715059.0656
2296,259487.998,2024-01-10T00:04:47.998000,-365924.3099,-6661909.7889,-3873912.7932,3058.425750,3023.503200,-5487.264300,5,15,7715059.4920
2296,259488.998,2024-01-10T00:04:48.998000,-362864.3650,-6658882.9751,-3879397.6684,3059.974850,3028.464750,-5484.407650,5,15,7715057.9579
2296,259489.998,2024-01-10T00:04:49.998000,-359804.3602,-6655852.8594,-3884881.6085,3060.687800,3034.520150,-5480.798700,5,15,7715059.4020
2296,259490.998,2024-01-10T00:04:50.998000,-356742.9894,-6652813.9348,-3890359.2658,3060.915100,3040.177800,-5476.965750,5,15,7715056.3205
2296,259491.998,2024-01-10T00:04:51.998000,-353682.5300,-6649772.5038,-3895835.5400,3061.532500,3044.411550,-5474.349850,5,15,7715056.7230
2296,259492.998,2024-01-10T00:04:52.998000,-350619.9244,-6646725.1117,-3901307.9655,3062.688450,3050.177150,-5471.233650,5,15,7715056.2463
2296,259493.998,2024-01-10T00:04:53.998000,-347557.1531,-6643672.1495,-3906778.0073,3063.469850,3055.455700,-5467.515550,5,15,7715056.0596
2296,259494.998,2024-01-10T00:04:54.998000,-344492.9847,-6640614.2003,-3912242.9966,3064.267750,3061.787000,-5463.686650,5,15,7715055.2583
2296,259495.998,2024-01-10T00:04:55.998000,-341428.6176,-6637548.5755,-3917705.3806,3064.495150,3065.940500,-5460.633950,5,15,7715052.8217
2296,259496.998,2024-01-10T00:04:56.998000,-338363.9944,-6634482.3193,-3923164.2645,3065.569700,3069.612500,-5457.559050,5,15,7715054.3539
2296,259497.998,2024-01-10T00:04:57.998000,-335297.4782,-6631409.3505,-3928620.4987,3066.506900,3075.608850,-5454.569850,5,15,7715054.9833
2296,259498.998,2024-01-10T00:04:58.998000,-332230.9806,-6628331.1016,-3934073.4042,3066.811200,3082.001700,-5450.256750,5,15,7715055.6814
2296,259499.998,2024-01-10T00:04:59.998000,-329163.8558,-6625245.3471,-3939521.0122,3067.852700,3087.519600,-5447.141050,5,15,7715053.5033
2296,259500.998,2024-01-10T00:05:00.998000,-326095.2752,-6622156.0624,-3944967.6863,3068.292550,3091.138450,-5444.779400,5,15,7715054.0561
2296,259501.998,2024-01-10T00:05:01.998000,-323027.2707,-6619063.0702,-3950410.5710,3069.243850,3098.078250,-5439.690750,5,15,7715055.8147
2296,259502.998,2024-01-10T00:05:02.998000,-319956.7875,-6615959.9059,-3955847.0678,3070.165050,3103.696950,-5436.732500,5,15,7715051.7721
2296,259503.998,2024-01-10T00:05:03.998000,-316886.9406,-6612855.6763,-3961284.0360,3070.510100,3106.764150,-5433.589100,5,15,7715053.3856
2296,259504.998,2024-01-10T00:05:04.998000,-313815.7673,-6609746.3776,-3966714.2460,3071.398150,3113.700900,-5428.063700,5,15,7715053.4296
2296,259505.998,2024-01-10T00:05:05.998000,-310744.1443,-6606628.2745,-3972140.1634,3072.059700,3118.800150,-5426.388350,5,15,7715050.0036
2296,259506.998,2024-01-10T00:05:06.998000,-307671.6479,-6603508.7773,-3977567.0227,3072.962700,3122.631300,-5423.982200,5,15,7715052.1343
2296,259507.998,2024-01-10T00:05:07.998000,-304598.2189,-6600383.0119,-3982988.1278,3073.941500,3130.262500,-5419.127250,5,15,7715052.1972
2296,259508.998,2024-01-10T00:05:08.998000,-301523.7649,-6597248.2523,-3988405.2772,3074.035150,3135.449200,-5415.699300,5,15,7715048.7839
2296,259509.998,2024-01-10T00:05:09.998000,-298450.1486,-6594112.1135,-3993819.5264,3074.741150,3139.095950,-5412.428300,5,15,7715049.0255
2296,259510.998,2024-01-10T00:05:10.998000,-295374.2826,-6590970.0604,-3999230.1338,3076.012650,3144.816150,-5408.773400,5,15,7715048.5395
2296,259511.998,2024-01-10T00:05:11.998000,-292298.1233,-6587822.4812,-4004637.0732,3076.554100,3149.589300,-5405.747100,5,15,7715047.7202
2296,259512.998,2024-01-10T00:05:12.998000,-289221.1744,-6584670.8818,-4010041.6280,3077.228900,3153.957100,-5402.811650,5,15,7715048.5007
2296,259513.998,2024-01-10T00:05:13.998000,-286143.6655,-6581514.5670,-4015442.6965,3077.774000,3160.020800,-5399.192150,5,15,7715049.7239
2296,259514.998,2024-01-10T00:05:14.998000,-283065.6264,-6578350.8402,-4020840.0123,3078.622200,3166.680300,-5395.387500,5,15,7715048.9519
2296,259515.998,2024-01-10T00:05:15.998000,-279986.4211,-6575181.2064,-4026233.4715,3079.331200,3170.808550,-5391.455650,5,15,7715047.3919
2296,259516.998,2024-01-10T00:05:16.998000,-276906.9640,-6572009.2231,-4031622.9236,3079.809950,3175.655950,-5388.058950,5,15,7715048.0292
2296,259517.998,2024-01-10T00:05:17.998000,-273826.8012,-6568829.8945,-4037009.5894,3080.903650,3181.536000,-5384.973500,5,15,7715047.2276
2296,259518.998,2024-01-10T00:05:18.998000,-270745.1567,-6565646.1511,-4042392.8706,3081.566550,3186.746000,-5381.502800,5,15,7715047.1445
2296,259519.998,2024-01-10T00:05:19.998000,-267663.6681,-6562456.4025,-4047772.5950,3081.741800,3191.728900,-5377.748650,5,15,7715046.3936
2296,259520.998,2024-01-10T00:05:20.998000,-264581.6731,-6559262.6933,-4053148.3679,3082.709450,3196.658700,-5373.615200,5,15,7715046.4829
2296,259521.998,2024-01-10T00:05:21.998000,-261498.2492,-6556063.0851,-4058519.8254,3083.456850,3202.501950,-5370.298100,5,15,7715045.5399
2296,259522.998,2024-01-10T00:05:22.998000,-258414.7594,-6552857.6894,-4063888.9641,3084.184100,3208.078500,-5367.083150,5,15,7715044.7567
2296,259523.998,2024-01-10T00:05:23.998000,-255329.8810,-6549646.9281,-4069253.9917,3085.074750,3212.890850,-5364.137150,5,15,7715043.5047
2296,259524.998,2024-01-10T00:05:24.998000,-252244.6099,-6546431.9077,-4074617.2384,3086.100400,3217.731050,-5360.372250,5,15,7715043.9859
2296,259525.998,2024-01-10T00:05:25.998000,-249157.6802,-6543211.4660,-4079974.7362,3086.016350,3222.762350,-5356.085550,5,15,7715043.0774
2296,259526.998,2024-01-10T00:05:26.998000,-246072.5772,-6539986.3830,-4085329.4095,3086.318450,3228.193350,-5353.091800,5,15,7715043.0969
2296,259527.998,2024-01-10T00:05:27.998000,-242985.0433,-6536755.0793,-4090680.9198,3087.878700,3233.730150,-5349.118700,5,15,7715042.3904
2296,259528.998,2024-01-10T00:05:28.998000,-239896.8198,-6533518.9227,-4096027.6469,3088.643350,3238.385250,-5346.099150,5,15,7715041.3143
2296,259529.998,2024-01-10T00:05:29.998000,-236807.7566,-6530278.3088,-4101373.1181,3088.807500,3244.259450,-5342.981200,5,15,7715042.0710
2296,259530.998,2024-01-10T00:05:30.998000,-233719.2048,-6527030.4038,-4106713.6093,3089.551950,3248.847750,-5338.619550,5,15,7715040.3257
2296,259531.998,2024-01-10T00:05:31.998000,-230628.6527,-6523780.6133,-4112050.3572,3090.912100,3253.414000,-5335.142800,5,15,7715041.2317
2296,259532.998,2024-01-10T00:05:32.998000,-227537.3806,-6520523.5758,-4117383.8949,3091.060300,3259.345750,-5331.943100,5,15,7715040.5767
2296,259533.998,2024-01-10T00:05:33.998000,-224446.5321,-6517261.9218,-4122714.2434,3091.168850,3264.120750,-5328.130300,5,15,7715040.6309
2296,259534.998,2024-01-10T00:05:34.998000,-221355.0429,-6513995.3343,-4128040.1555,3092.336050,3269.435900,-5323.647000,5,15,7715040.4274
2296,259535.998,2024-01-10T00:05:35.998000,-218261.8600,-6510723.0500,-4133361.5374,3092.640400,3274.348550,-5320.659500,5,15,7715039.2398
2296,259536.998,2024-01-10T00:05:36.998000,-215169.7621,-6507446.6372,-4138681.4745,3093.175950,3279.996600,-5317.589900,5,15,7715040.1237
2296,259537.998,2024-01-10T00:05:37.998000,-212075.5081,-6504163.0568,-4143996.7172,3094.212150,3286.164650,-5313.597500,5,15,7715038.6832
2296,259538.998,2024-01-10T00:05:38.998000,-208981.3378,-6500874.3079,-4149308.6695,3095.087550,3290.265150,-5310.369750,5,15,7715037.4206
2296,259539.998,2024-01-10T00:05:39.998000,-205885.3330,-6497582.5265,-4154617.4567,3096.282450,3295.607800,-5306.492100,5,15,7715038.1509
2296,259540.998,2024-01-10T00:05:40.998000,-202788.7729,-6494283.0923,-4159921.6537,3096.389600,3300.367450,-5302.897350,5,15,7715036.2497
2296,259541.998,2024-01-10T00:05:41.998000,-199692.5538,-6490981.7916,-4165223.2514,3096.584300,3305.036700,-5299.735550,5,15,7715037.6842
2296,259542.998,2024-01-10T00:05:42.998000,-196595.6043,-6487673.0189,-4170521.1248,3097.466050,3311.591950,-5295.806300,5,15,7715037.1019
2296,259543.998,2024-01-10T00:05:43.998000,-193497.6217,-6484358.6077,-4175814.8640,3098.441000,3314.782400,-5291.728000,5,15,7715035.8172
2296,259544.998,2024-01-10T00:05:44.998000,-190398.7223,-6481043.4541,-4181104.5808,3098.899350,3319.710650,-5288.427700,5,15,7715038.0066
2296,259545.998,2024-01-10T00:05:45.998000,-187299.8230,-6477719.1864,-4186391.7194,3099.414300,3327.862850,-5285.075850,5,15,7715037.4406
2296,259546.998,2024-01-10T00:05:46.998000,-184199.8937,-6474387.7284,-4191674.7325,3100.578350,3332.790050,-5280.369700,5,15,7715034.8749
2296,259547.998,2024-01-10T00:05:47.998000,-181098.6663,-6471053.6063,-4196952.4588,3100.834200,3336.809200,-5277.479950,5,15,7715033.4700
2296,259548.998,2024-01-10T00:05:48.998000,-177998.2253,-6467714.1100,-4202229.6924,3101.321700,3341.331850,-5274.437250,5,15,7715033.6075
2296,259549.998,2024-01-10T00:05:49.998000,-174896.0229,-6464370.9426,-4207501.3333,3101.938350,3346.483850,-5269.565050,5,15,7715033.8802
2296,259550.998,2024-01-10T00:05:50.998000,-171794.3486,-6461021.1423,-4212768.8225,3102.411500,3351.870200,-5266.635250,5,15,7715032.6410
2296,259551.998,2024-01-10T00:05:51.998000,-168691.1999,-6457667.2022,-4218034.6038,3103.740150,3357.046150,-5263.420950,5,15,7715033.2685
2296,259552.998,2024-01-10T00:05:52.998000,-165586.8683,-6454307.0500,-4223295.6644,3104.373550,3363.488900,-5258.832050,5,15,7715032.3898
2296,259553.998,2024-01-10T00:05:53.998000,-162482.4528,-6450940.2244,-4228552.2679,3104.722150,3367.629250,-5255.658400,5,15,7715029.7866
2296,259554.998,2024-01-10T00:05:54.998000,-159377.4240,-6447571.7915,-4233806.9812,3105.120700,3371.494600,-5252.248400,5,15,7715031.0903
2296,259555.998,2024-01-10T00:05:55.998000,-156272.2114,-6444197.2352,-4239056.7647,3105.850950,3376.878550,-5248.291600,5,15,7715030.8661
2296,259556.998,2024-01-10T00:05:56.998000,-153165.7221,-6440818.0344,-4244303.5644,3106.777000,3382.151800,-5244.824850,5,15,7715031.3958
2296,259557.998,2024-01-10T00:05:57.998000,-150058.6574,-6437432.9316,-4249546.4144,3107.129950,3387.463350,-5241.107200,5,15,7715031.1132
2296,259558.998,2024-01-10T00:05:58.998000,-146951.4622,-6434043.1077,-4254785.7788,3107.712850,3392.744200,-5237.513500,5,15,7715031.2681
2296,259559.998,2024-01-10T00:05:59.998000,-143843.2317,-6430647.4432,-4260021.4414,3108.402100,3398.208700,-5232.997000,5,15,7715030.7903
2296,259560.998,2024-01-10T00:06:00.998000,-140734.6580,-6427246.6903,-4265251.7728,3109.101650,3403.243600,-5229.075450,5,15,7715029.4197
2296,259561.998,2024-01-10T00:06:01.998000,-137625.0284,-6423840.9560,-4270479.5923,3109.433600,3408.379950,-5225.978850,5,15,7715028.7896
2296,259562.998,2024-01-10T00:06:02.998000,-134515.7908,-6420429.9304,-4275703.7305,3110.187650,3413.409700,-5222.250150,5,15,7715028.0220
2296,259563.998,2024-01-10T00:06:03.998000,-131404.6531,-6417014.1366,-4280924.0926,3110.771200,3418.385950,-5218.035450,5,15,7715027.4594
2296,259564.998,2024-01-10T00:06:04.998000,-128294.2484,-6413593.1585,-4286139.8014,3110.921450,3421.817250,-5215.786850,5,15,7715026.3132
2296,259565.998,2024-01-10T00:06:05.998000,-125182.8102,-6410170.5021,-4291355.6663,3112.074550,3428.265900,-5211.862200,5,15,7715030.1397
2296,259566.998,2024-01-10T00:06:06.998000,-122070.0993,-6406736.6267,-4296563.5258,3112.902200,3434.757450,-5206.832550,5,15,7715026.4707
2296,259567.998,2024-01-10T00:06:07.998000,-118957.0058,-6403300.9872,-4301769.3314,3113.862900,3439.292650,-5204.203200,5,15,7715026.4862
2296,259568.998,2024-01-10T00:06:08.998000,-115842.3735,-6399858.0414,-4306971.9322,3114.198150,3443.847050,-5200.582850,5,15,7715024.9274
2296,259569.998,2024-01-10T00:06:09.998000,-112728.6095,-6396413.2931,-4312170.4971,3114.194550,3448.072050,-5195.261450,5,15,7715025.9333
2296,259570.998,2024-01-10T00:06:10.998000,-109613.9844,-6392961.8973,-4317362.4551,3115.297350,3454.046000,-5191.975150,5,15,7715024.0191
2296,259571.998,2024-01-10T00:06:11.998000,-106498.0148,-6389505.2011,-4322554.4474,3115.764300,3458.663850,-5189.292050,5,15,7715024.0112
2296,259572.998,2024-01-10T00:06:12.998000,-103382.4558,-6386044.5696,-4327741.0392,3116.183050,3463.589750,-5184.887050,5,15,7715024.0233
2296,259573.998,2024-01-10T00:06:13.998000,-100265.6487,-6382578.0216,-4332924.2215,3116.954450,3469.308000,-5180.885600,5,15,7715023.5069
2296,259574.998,2024-01-10T00:06:14.998000,-97148.5469,-6379105.9536,-4338102.8104,3117.356900,3472.977400,-5178.070650,5,15,7715022.1387
2296,259575.998,2024-01-10T00:06:15.998000,-94030.9349,-6375632.0668,-4343280.3628,3118.407050,3478.804050,-5174.242300,5,15,7715024.9758
2296,259576.998,2024-01-10T00:06:16.998000,-90911.7328,-6372148.3455,-4348451.2950,3118.400200,3485.353800,-5169.158050,5,15,7715022.2388
2296,259577.998,2024-01-10T00:06:17.998000,-87794.1345,-6368661.3592,-4353618.6789,3118.745600,3488.577850,-5166.248450,5,15,7715021.1224
2296,259578.998,2024-01-10T00:06:18.998000,-84674.2416,-6365171.1898,-4358783.7919,3120.070050,3494.425950,-5162.436300,5,15,7715022.3685
2296,259579.998,2024-01-10T00:06:19.998000,-81553.9944,-6361672.5073,-4363943.5515,3120.367800,3500.228000,-5158.402750,5,15,7715019.8616
2296,259580.998,2024-01-10T00:06:20.998000,-78433.5060,-6358170.7338,-4369100.5974,3121.060900,3504.351450,-5154.865700,5,15,7715019.5674
2296,259581.998,2024-01-10T00:06:21.998000,-75311.8726,-6354663.8044,-4374253.2829,3121.680450,3509.602350,-5150.555150,5,15,7715018.8417
2296,259582.998,2024-01-10T00:06:22.998000,-72190.1451,-6351151.5291,-4379401.7077,3122.514100,3512.815100,-5148.027950,5,15,7715017.5943
2296,259583.998,2024-01-10T00:06:23.998000,-69066.8444,-6347638.1742,-4384549.3388,3122.606900,3517.922200,-5143.857850,5,15,7715021.2912
2296,259584.998,2024-01-10T00:06:24.998000,-65944.9313,-6344115.6847,-4389689.4234,3122.877700,3524.662850,-5138.650600,5,15,7715019.4937
2296,259585.998,2024-01-10T00:06:25.998000,-62821.0890,-6340588.8485,-4394826.6400,3124.277200,3530.276300,-5136.194550,5,15,7715018.7706
2296,259586.998,2024-01-10T00:06:26.998000,-59696.3769,-6337055.1321,-4399961.8125,3124.511000,3535.148550,-5132.440000,5,15,7715017.5214
2296,259587.998,2024-01-10T00:06:27.998000,-56572.0670,-6333518.5514,-4405091.5200,3124.668600,3538.422300,-5127.881000,5,15,7715017.1056
2296,259588.998,2024-01-10T00:06:28.998000,-53447.0397,-6329978.2875,-4410217.5745,3125.785600,3545.110500,-5123.859900,5,15,7715017.8717
2296,259589.998,2024-01-10T00:06:29.998000,-50320.4958,-6326428.3304,-4415339.2398,3126.306000,3549.227850,-5120.921900,5,15,7715014.4637
2296,259590.998,2024-01-10T00:06:30.998000,-47194.4277,-6322879.8318,-4420459.4183,3126.709900,3553.170300,-5117.172200,5,15,7715017.7025
2296,259591.998,2024-01-10T00:06:31.998000,-44067.0760,-6319321.9898,-4425573.5842,3126.949800,3559.877000,-5112.650250,5,15,7715016.1288
2296,259592.998,2024-01-10T00:06:32.998000,-40940.5281,-6315760.0778,-4430684.7188,3127.381650,3564.819300,-5108.803650,5,15,7715015.7851
2296,259593.998,2024-01-10T00:06:33.998000,-37812.3127,-6312192.3512,-4435791.1915,3128.663200,3569.479250,-5104.855400,5,15,7715014.2932
2296,259594.998,2024-01-10T00:06:34.998000,-34683.2017,-6308621.1193,-4440894.4296,3129.292600,3573.570300,-5101.357100,5,15,7715014.3672
2296,259595.998,2024-01-10T00:06:35.998000,-31553.7275,-6305045.2106,-4445993.9057,3129.600650,3580.350700,-5097.126700,5,15,7715014.7476
2296,259596.998,2024-01-10T00:06:36.998000,-28424.0004,-6301460.4179,-4451088.6830,3130.244150,3585.323400,-5093.795700,5,15,7715011.4573
2296,259597.998,2024-01-10T00:06:37.998000,-25293.2392,-6297874.5638,-4456181.4971,3130.523500,3588.249350,-5090.252550,5,15,7715012.4630
2296,259598.998,2024-01-10T00:06:38.998000,-22162.9534,-6294283.9192,-4461269.1881,3130.506500,3593.756800,-5086.079600,5,15,7715012.8983
2296,259599.998,2024-01-10T00:06:39.998000,-19032.2262,-6290687.0502,-4466353.6563,3131.467250,3599.048400,-5081.524900,5,15,7715012.6878
2296,259600.998,2024-01-10T00:06:40.998000,-15900.0189,-6287085.8224,-4471432.2379,3131.985600,3603.887550,-5077.660650,5,15,7715011.8086
2296,259601.998,2024-01-10T00:06:41.998000,-12768.2550,-6283479.2751,-4476508.9776,3132.576800,3608.481300,-5075.674100,5,15,7715011.8247
2296,259602.998,2024-01-10T00:06:42.998000,-9634.8653,-6279868.8598,-4481583.5861,3133.552500,3614.374900,-5070.498650,5,15,7715013.7502
2296,259603.998,2024-01-10T00:06:43.998000,-6501.1500,-6276250.5253,-4486649.9749,3133.713650,3620.558250,-5064.830800,5,15,7715010.7530
2296,259604.998,2024-01-10T00:06:44.998000,-3367.4380,-6272627.7433,-4491713.2477,3134.444650,3623.059300,-5062.527000,5,15,7715008.6225
2296,259605.998,2024-01-10T00:06:45.998000,-232.2607,-6269004.4067,-4496775.0289,3134.940000,3628.876300,-5058.883000,5,15,7715011.4689
2296,259606.998,2024-01-10T00:06:46.998000,2902.4420,-6265369.9907,-4501831.0137,3135.364150,3634.933050,-5054.371450,5,15,7715008.2320
2296,259607.998,2024-01-10T00:06:47.998000,6038.4676,-6261734.5406,-4506883.7718,3136.318800,3638.993900,-5050.676950,5,15,7715008.5711
2296,259608.998,2024-01-10T00:06:48.998000,9175.0796,-6258092.0029,-4511932.3676,3137.161900,3644.590500,-5046.383900,5,15,7715007.0245
2296,259609.998,2024-01-10T00:06:49.998000,12312.7914,-6254445.3596,-4516976.5396,3136.714300,3648.644700,-5043.281650,5,15,7715005.8600
2296,259610.998,2024-01-10T00:06:50.998000,15448.5082,-6250794.7135,-4522018.9309,3136.736850,3652.606750,-5040.241950,5,15,7715006.7024
2296,259611.998,2024-01-10T00:06:51.998000,18586.2651,-6247140.1461,-4527057.0235,3137.902550,3657.790700,-5034.994350,5,15,7715008.1496
2296,259612.998,2024-01-10T00:06:52.998000,21724.3133,-6243479.1321,-4532088.9196,3138.435800,3663.966750,-5030.542850,5,15,7715007.0378
2296,259613.998,2024-01-10T00:06:53.998000,24863.1367,-6239812.2126,-4537118.1092,3139.061550,3669.378150,-5026.847500,5,15,7715005.8562
2296,259614.998,2024-01-10T00:06:54.998000,28002.4364,-6236140.3758,-4542142.6146,3139.494200,3673.496950,-5022.792750,5,15,7715004.2420
2296,259615.998,2024-01-10T00:06:55.998000,31142.1251,-6232465.2187,-4547163.6947,3139.864250,3677.932400,-5019.930850,5,15,7715004.2256
2296,259616.998,2024-01-10T00:06:56.998000,34282.1649,-6228784.5110,-4552182.4763,3140.823450,3683.308050,-5015.634500,5,15,7715004.6694
2296,259617.998,2024-01-10T00:06:57.998000,37423.7720,-6225098.6026,-4557194.9637,3141.266150,3687.568950,-5012.164600,5,16,7715003.5054
2296,259618.998,2024-01-10T00:06:58.998000,40564.6972,-6221409.3731,-4562206.8055,3140.879700,3693.251600,-5007.622850,5,16,7715005.5748
2296,259619.998,2024-01-10T00:06:59.998000,43705.5314,-6217712.0994,-4567210.2094,3142.180200,3698.811450,-5002.509450,5,16,7715002.4641
2296,259620.998,2024-01-10T00:07:00.998000,46849.0576,-6214011.7502,-4572211.8244,3142.769350,3702.698300,-5000.273800,5,16,7715002.1279
2296,259621.998,2024-01-10T00:07:01.998000,49991.0701,-6210306.7028,-4577210.7570,3142.966650,3707.744600,-4995.620950,5,16,7715002.7067
2296,259622.998,2024-01-10T00:07:02.998000,53134.9909,-6206596.2610,-4582203.0663,3144.155350,3712.336150,-4991.173600,5,16,7715001.3231
2296,259623.998,2024-01-10T00:07:03.998000,56279.3808,-6202882.0305,-4587193.1042,3144.175650,3717.757750,-4988.014400,5,16,7715001.8424
2296,259624.998,2024-01-10T00:07:04.998000,59423.3422,-6199160.7455,-4592179.0951,3144.211600,3722.971900,-4983.392550,5,16,7715000.5783
2296,259625.998,2024-01-10T00:07:05.998000,62567.8040,-6195436.0867,-4597159.8893,3145.171100,3726.922350,-4979.305550,5,16,7714999.8109
2296,259626.998,2024-01-10T00:07:06.998000,65713.6844,-6191706.9008,-4602137.7062,3145.555500,3732.422200,-4975.568650,5,16,7714999.9417
2296,259627.998,2024-01-10T00:07:07.998000,68858.9150,-6187971.2423,-4607111.0266,3145.607450,3737.722950,-4971.564450,5,16,7714998.4872
2296,259628.998,2024-01-10T00:07:08.998000,72004.8993,-6184231.4549,-4612080.8351,3146.274750,3741.322550,-4968.436650,5,16,7714997.9276
2296,259629.998,2024-01-10T00:07:09.998000,75151.4645,-6180488.5972,-4617047.8999,3146.985750,3745.732850,-4964.164200,5,16,7714999.5692
2296,259630.998,2024-01-10T00:07:10.998000,78298.8708,-6176739.9892,-4622009.1635,3147.844100,3751.733750,-4959.649750,5,16,7714999.4371
2296,259631.998,2024-01-10T00:07:11.998000,81447.1527,-6172985.1297,-4626967.1994,3148.121000,3756.817150,-4955.369900,5,16,7714998.6724
2296,259632.998,2024-01-10T00:07:12.998000,84595.1128,-6169226.3549,-4631919.9033,3148.261850,3762.439150,-4951.065600,5,16,7714997.8705
2296,259633.998,2024-01-10T00:07:13.998000,87743.6764,-6165460.2514,-4636869.3306,3148.558150,3767.355900,-4947.114150,5,16,7714995.5446
2296,259634.998,2024-01-10T00:07:14.998000,90892.2291,-6161691.6431,-4641814.1316,3149.110350,3770.894550,-4943.660150,5,16,7714994.7333
2296,259635.998,2024-01-10T00:07:15.998000,94041.8971,-6157918.4623,-4646756.6509,3149.655350,3775.660350,-4939.769600,5,16,7714995.2067
2296,259636.998,2024-01-10T00:07:16.998000,97191.5398,-6154140.3224,-4651693.6708,3150.499850,3781.092850,-4935.628350,5,16,7714994.7058
2296,259637.998,2024-01-10T00:07:17.998000,100342.8968,-6150356.2766,-4656627.9076,3151.033800,3786.421000,-4931.345750,5,16,7714994.1345
2296,259638.998,2024-01-10T00:07:18.998000,103493.6074,-6146567.4804,-4661556.3623,3151.318050,3789.714350,-4927.596700,5,16,7714992.5753
2296,259639.998,2024-01-10T00:07:19.998000,106645.5329,-6142776.8479,-4666483.1010,3151.817800,3794.652650,-4924.285550,5,16,7714994.8286
2296,259640.998,2024-01-10T00:07:20.998000,109797.2430,-6138978.1751,-4671404.9334,3152.185950,3801.516950,-4919.231500,5,16,7714994.0065
2296,259641.998,2024-01-10T00:07:21.998000,112949.9048,-6135173.8140,-4676321.5640,3152.788500,3804.853100,-4915.067850,5,16,7714991.8198
2296,259642.998,2024-01-10T00:07:22.998000,116102.8200,-6131368.4689,-4681235.0691,3153.439050,3808.606050,-4911.080700,5,16,7714993.2559
2296,259643.998,2024-01-10T00:07:23.998000,119256.7829,-6127556.6019,-4686143.7254,3153.434800,3815.663100,-4907.150350,5,16,7714992.8778
2296,259644.998,2024-01-10T00:07:24.998000,122409.6896,-6123737.1427,-4691049.3698,3153.368750,3820.687700,-4902.671400,5,16,7714990.9212
2296,259645.998,2024-01-10T00:07:25.998000,125563.5204,-6119915.2265,-4695949.0682,3154.379500,3824.252500,-4898.488450,5,16,7714989.7102
2296,259646.998,2024-01-10T00:07:26.998000,128718.4486,-6116088.6377,-4700846.3467,3155.059000,3828.722300,-4895.274150,5,16,7714989.6331
2296,259647.998,2024-01-10T00:07:27.998000,131873.6384,-6112257.7819,-4705739.6165,3155.670550,3834.466850,-4890.914400,5,16,7714990.0316
2296,259648.998,2024-01-10T00:07:28.998000,135029.7897,-6108419.7040,-4710628.1755,3155.996900,3839.336450,-4886.582050,5,16,7714988.1485
2296,259649.998,2024-01-10T00:07:29.998000,138185.6322,-6104579.1090,-4715512.7806,3156.136700,3843.086550,-4883.308400,5,16,7714988.1498
2296,259650.998,2024-01-10T00:07:30.998000,141342.0631,-6100733.5309,-4720394.7923,3156.341600,3848.401300,-4878.662800,5,16,7714988.9299
2296,259651.998,2024-01-10T00:07:31.998000,144498.3154,-6096882.3064,-4725270.1062,3156.889550,3853.586900,-4874.485800,5,16,7714987.4399
2296,259652.998,2024-01-10T00:07:32.998000,147655.8422,-6093026.3571,-4730143.7639,3157.698750,3856.922400,-4871.225600,5,16,7714987.5219
2296,259653.998,2024-01-10T00:07:33.998000,150813.7129,-6089168.4616,-4735012.5574,3158.072350,3862.551500,-4865.665150,5,16,7714989.3875
2296,259654.998,2024-01-10T00:07:34.998000,153971.9869,-6085301.2541,-4739875.0942,3158.321300,3869.275450,-4861.337800,5,16,7714986.3665
2296,259655.998,2024-01-10T00:07:35.998000,157130.3555,-6081429.9107,-4744735.2330,3159.023050,3872.340300,-4858.694600,5,16,7714984.9085
2296,259656.998,2024-01-10T00:07:36.998000,160290.0330,-6077556.5735,-4749592.4834,3159.556100,3876.496200,-4854.051800,5,16,7714986.4262
2296,259657.998,2024-01-10T00:07:37.998000,163449.4677,-6073676.9183,-4754443.3366,3159.611950,3882.381250,-4849.053450,5,16,7714985.3193
2296,259658.998,2024-01-10T00:07:38.998000,166609.2569,-6069791.8110,-4759290.5903,3159.577350,3887.312200,-4845.347200,5,16,7714984.0049
2296,259659.998,2024-01-10T00:07:39.998000,169768.6224,-6065902.2939,-4764134.0310,3160.335500,3890.939950,-4842.213850,5,16,7714983.1555
2296,259660.998,2024-01-10T00:07:40.998000,172929.9279,-6062009.9311,-4768975.0180,3161.468550,3896.451800,-4837.616800,5,16,7714984.8922
2296,259661.998,2024-01-10T00:07:41.998000,176091.5595,-6058109.3903,-4773809.2646,3161.331200,3902.331300,-4832.335100,5,16,7714982.3407
2296,259662.998,2024-01-10T00:07:42.998000,179252.5903,-6054205.2685,-4778639.6882,3161.268100,3905.587150,-4829.307850,5,16,7714980.8939
2296,259663.998,2024-01-10T00:07:43.998000,182414.0957,-6050298.2160,-4783467.8803,3162.189700,3909.199800,-4826.238150,5,16,7714982.0717
2296,259664.998,2024-01-10T00:07:44.998000,185576.9697,-6046386.8689,-4788292.1645,3162.619750,3914.834400,-4820.891850,5,16,7714983.7869
2296,259665.998,2024-01-10T00:07:45.998000,188739.3352,-6042468.5472,-4793109.6640,3163.037650,3921.057250,-4815.641550,5,16,7714982.1083
2296,259666.998,2024-01-10T00:07:46.998000,191903.0450,-6038544.7544,-4797923.4476,3163.574250,3926.375250,-4812.055950,5,16,7714980.1645
2296,259667.998,2024-01-10T00:07:47.998000,195066.4837,-6034615.7967,-4802733.7759,3163.794750,3929.364500,-4809.223550,5,16,7714978.3194
2296,259668.998,2024-01-10T00:07:48.998000,198230.6345,-6030686.0254,-4807541.8947,3164.544350,3932.837950,-4804.679550,5,16,7714980.7771
2296,259669.998,2024-01-10T00:07:49.998000,201395.5724,-6026750.1208,-4812343.1350,3164.637000,3939.480950,-4798.777700,5,16,7714980.4695
2296,259670.998,2024-01-10T00:07:50.998000,204559.9085,-6022807.0635,-4817139.4501,3164.671300,3944.244000,-4796.050450,5,16,7714977.7810
2296,259671.998,2024-01-10T00:07:51.998000,207724.9150,-6018861.6328,-4821935.2359,3165.467350,3948.054250,-4792.612700,5,16,7714979.2232
2296,259672.998,2024-01-10T00:07:52.998000,210890.8432,-6014910.9550,-4826724.6755,3165.908350,3953.709000,-4786.933300,5,16,7714978.9266
2296,259673.998,2024-01-10T00:07:53.998000,214056.7317,-6010954.2148,-4831509.1025,3166.460250,3958.518150,-4782.687950,5,16,7714977.0618
2296,259674.998,2024-01-10T00:07:54.998000,217223.7637,-6006993.9187,-4836290.0514,3166.498550,3963.010200,-4779.300200,5,16,7714976.5757
2296,259675.998,2024-01-10T00:07:55.998000,220389.7288,-6003028.1944,-4841067.7029,3166.994550,3967.321400,-4775.059300,5,16,7714976.0621
2296,259676.998,2024-01-10T00:07:56.998000,223557.7528,-5999059.2759,-4845840.1700,3167.660800,3971.583250,-4769.919450,5,16,7714976.1644
2296,259677.998,2024-01-10T00:07:57.998000,226725.0504,-5995085.0279,-4850607.5418,3167.648700,3976.573900,-4766.321350,5,16,7714975.1953
2296,259678.998,2024-01-10T00:07:58.998000,229893.0502,-5991106.1281,-4855372.8127,3167.929400,3982.242200,-4762.852350,5,16,7714975.6061
2296,259679.998,2024-01-10T00:07:59.998000,233060.9092,-5987120.5435,-4860133.2465,3168.395050,3987.451650,-4757.355850,5,16,7714974.0741
2296,259680.998,2024-01-10T00:08:00.998000,236229.8403,-5983131.2248,-4864887.5244,3169.103250,3989.436800,-4753.793600,5,16,7714972.0943
2296,259681.998,2024-01-10T00:08:01.998000,239399.1157,-5979141.6699,-4869640.8337,3169.442850,3994.070550,-4749.819650,5,16,7714975.6250
2296,259682.998,2024-01-10T00:08:02.998000,242568.7260,-5975143.0837,-4874387.1637,3169.590600,4001.344900,-4744.870050,5,16,7714974.0556
2296,259683.998,2024-01-10T00:08:03.998000,245738.2969,-5971138.9801,-4879130.5738,3170.019300,4005.761700,-4741.656850,5,16,7714972.6627
2296,259684.998,2024-01-10T00:08:04.998000,248908.7646,-5967131.5603,-4883870.4774,3170.361400,4010.061350,-4737.235050,5,16,7714972.8108
2296,259685.998,2024-01-10T00:08:05.998000,252079.0197,-5963118.8574,-4888605.0439,3170.390700,4014.107150,-4732.264300,5,16,7714971.7832
2296,259686.998,2024-01-10T00:08:06.998000,255249.5460,-5959103.3460,-4893335.0060,3171.160450,4017.790400,-4729.262550,5,16,7714971.9701
2296,259687.998,2024-01-10T00:08:07.998000,258421.3406,-5955083.2766,-4898063.5690,3171.753650,4024.499150,-4724.058850,5,16,7714974.0859
2296,259688.998,2024-01-10T00:08:08.998000,261593.0533,-5951054.3477,-4902783.1237,3171.914950,4029.840150,-4718.792600,5,16,7714969.9373
2296,259689.998,2024-01-10T00:08:09.998000,264765.1705,-5947023.5963,-4907501.1542,3172.878950,4033.291750,-4715.002150,5,16,7714969.7231
2296,259690.998,2024-01-10T00:08:10.998000,267938.8112,-5942987.7642,-4912213.1280,3172.476050,4037.738950,-4711.638850,5,16,7714968.0872
2296,259691.998,2024-01-10T00:08:11.998000,271110.1226,-5938948.1184,-4916924.4319,3172.505400,4042.434300,-4707.445200,5,16,7714969.3013
2296,259692.998,2024-01-10T00:08:12.998000,274283.8220,-5934902.8956,-4921628.0184,3173.843300,4046.790850,-4702.663950,5,16,7714967.6828
2296,259693.998,2024-01-10T00:08:13.998000,277457.8092,-5930854.5367,-4926329.7598,3173.442050,4051.605850,-4698.889400,5,16,7714968.7798
2296,259694.998,2024-01-10T00:08:14.998000,280630.7061,-5926799.6839,-4931025.7972,3173.960950,4056.681100,-4694.215450,5,16,7714967.4982
2296,259695.998,2024-01-10T00:08:15.998000,283805.7311,-5922741.1745,-4935718.1907,3174.569850,4061.010300,-4689.827750,5,16,7714967.4511
2296,259696.998,2024-01-10T00:08:16.998000,286979.8458,-5918677.6633,-4940405.4527,3174.582850,4066.298550,-4685.282850,5,16,7714966.5424
2296,259697.998,2024-01-10T00:08:17.998000,290154.8968,-5914608.5774,-4945088.7564,3175.156300,4071.055450,-4681.936650,5,16,7714965.1520
2296,259698.998,2024-01-10T00:08:18.998000,293330.1584,-5910535.5524,-4949769.3260,3175.224000,4074.817000,-4676.578000,5,16,7714965.2934
2296,259699.998,2024-01-10T00:08:19.998000,296505.3448,-5906458.9434,-4954441.9124,3175.208850,4079.884600,-4672.108400,5,16,7714963.8582
2296,259700.998,2024-01-10T00:08:20.998000,299680.5761,-5902375.7832,-4959113.5428,3176.263700,4084.007200,-4669.221500,5,16,7714963.0890
2296,259701.998,2024-01-10T00:08:21.998000,302857.8722,-5898290.9290,-4963780.3554,3176.893000,4088.548400,-4664.276750,5,16,7714964.3026
2296,259702.998,2024-01-10T00:08:22.998000,306034.3621,-5894198.6864,-4968442.0963,3176.686900,4094.441600,-4659.270950,5,16,7714962.8677
2296,259703.998,2024-01-10T00:08:23.998000,309211.2460,-5890102.0458,-4973098.8973,3177.228950,4096.985950,-4656.211000,5,16,7714961.2019
2296,259704.998,2024-01-10T00:08:24.998000,312388.8200,-5886004.7145,-4977754.5183,3177.114450,4101.969900,-4651.607200,5,16,7714964.5701
2296,259705.998,2024-01-10T00:08:25.998000,315565.4749,-5881898.1060,-4982402.1117,3177.513000,4108.186150,-4646.895200,5,16,7714961.9378
2296,259706.998,2024-01-10T00:08:26.998000,318743.8460,-5877788.3422,-4987048.3087,3178.019550,4112.225750,-4643.086550,5,16,7714962.3634
2296,259707.998,2024-01-10T00:08:27.998000,321921.5140,-5873673.6545,-4991688.2848,3178.333200,4116.409600,-4637.974000,5,16,7714961.2827
2296,259708.998,2024-01-10T00:08:28.998000,325100.5124,-5869555.5230,-4996324.2567,3178.619300,4121.234250,-4633.646400,5,16,7714961.3388
2296,259709.998,2024-01-10T00:08:29.998000,328278.7526,-5865431.1860,-5000955.5776,3179.009350,4125.809100,-4629.067850,5,16,7714959.9238
2296,259710.998,2024-01-10T00:08:30.998000,331458.5311,-5861303.9048,-5005582.3924,3179.677250,4130.242950,-4624.718250,5,16,7714959.7089
2296,259711.998,2024-01-10T00:08:31.998000,334638.1071,-5857170.7001,-5010205.0141,3179.409200,4134.657700,-4621.617000,5,16,7714958.5583
2296,259712.998,2024-01-10T00:08:32.998000,337817.3495,-5853034.5894,-5014825.6264,3179.778200,4140.059000,-4616.372200,5,16,7714960.1768
2296,259713.998,2024-01-10T00:08:33.998000,340997.6635,-5848890.5821,-5019437.7585,3180.568650,4145.035950,-4611.557700,5,16,7714956.6337
2296,259714.998,2024-01-10T00:08:34.998000,344178.4868,-5844744.5175,-5024048.7418,3180.636350,4147.943250,-4608.520350,5,16,7714957.1007
2296,259715.998,2024-01-10T00:08:35.998000,347358.9362,-5840594.6956,-5028654.7992,3181.009200,4153.100100,-4603.258100,5,16,7714957.7911
2296,259716.998,2024-01-10T00:08:36.998000,350540.5052,-5836438.3173,-5033255.2580,3181.339150,4158.935500,-4598.602550,5,16,7714956.2131
2296,259717.998,2024-01-10T00:08:37.998000,353721.6145,-5832276.8246,-5037852.0043,3181.585950,4162.564950,-4594.891700,5,16,7714954.6179
2296,259718.998,2024-01-10T00:08:38.998000,356903.6771,-5828113.1874,-5042445.0414,3181.741400,4167.145050,-4590.160950,5,16,7714955.3178
2296,259719.998,2024-01-10T00:08:39.998000,360085.0973,-5823942.5345,-5047032.3262,3181.948800,4171.246750,-4586.353650,5,16,7714953.2224
2296,259720.998,2024-01-10T00:08:40.998000,363267.5747,-5819770.6939,-5051617.7487,3182.495150,4175.419050,-4582.286550,5,16,7714955.3556
2296,259721.998,2024-01-10T00:08:41.998000,366450.0876,-5815591.6964,-5056196.8993,3182.277400,4181.063500,-4576.943150,5,16,7714954.2792
2296,259722.998,2024-01-10T00:08:42.998000,369632.1295,-5811408.5669,-5060771.6350,3182.868600,4186.038600,-4572.820500,5,16,7714953.4661
2296,259723.998,2024-01-10T00:08:43.998000,372815.8248,-5807219.6192,-5065342.5403,3183.360850,4190.229600,-4568.783200,5,17,7714952.1318
2296,259724.998,2024-01-10T00:08:44.998000,375998.8512,-5803028.1077,-5069909.2014,3183.787650,4194.623750,-4563.909100,5,17,7714952.3437
2296,259725.998,2024-01-10T00:08:45.998000,379183.4001,-5798830.3717,-5074470.3585,3183.872700,4199.462200,-4558.945250,5,17,7714950.6252
2296,259726.998,2024-01-10T00:08:46.998000,382366.5966,-5794629.1833,-5079027.0919,3183.606150,4202.612500,-4554.905800,5,17,7714949.6295
2296,259727.998,2024-01-10T00:08:47.998000,385550.6124,-5790425.1467,-5083580.1701,3184.769700,4207.003700,-4550.843300,5,17,7714950.4211
2296,259728.998,2024-01-10T00:08:48.998000,388736.1360,-5786215.1759,-5088128.7785,3185.059300,4212.804400,-4546.610300,5,16,7714950.1821
2296,259729.998,2024-01-10T00:08:49.998000,391920.7310,-5781999.5379,-5092673.3907,3184.564500,4217.562500,-4541.264150,5,16,7714949.3051
2296,259730.998,2024-01-10T00:08:50.998000,395105.2650,-5777780.0509,-5097211.3068,3184.991100,4221.642700,-4537.260500,5,16,7714947.4135
2296,259731.998,2024-01-10T00:08:51.998000,398290.7132,-5773556.2525,-5101747.9117,3185.939300,4226.087000,-4533.681600,5,16,7714947.7670
2296,259732.998,2024-01-10T00:08:52.998000,401477.1436,-5769327.8769,-5106278.6700,3186.318700,4229.957400,-4529.177350,5,16,7714947.1744
2296,259733.998,2024-01-10T00:08:53.998000,404663.3506,-5765096.3377,-5110806.2664,3185.756300,4235.073400,-4524.268600,5,16,7714948.4057
2296,259734.998,2024-01-10T00:08:54.998000,407848.6562,-5760857.7301,-5115327.2072,3186.060700,4240.105200,-4519.525900,5,16,7714946.1923
2296,259735.998,2024-01-10T00:08:55.998000,411035.4720,-5756616.1273,-5119845.3182,3186.914850,4243.606200,-4516.167550,5,16,7714946.2395
2296,259736.998,2024-01-10T00:08:56.998000,414222.4859,-5752370.5177,-5124359.5423,3186.868150,4247.243450,-4511.311150,5,16,7714947.0225
2296,259737.998,2024-01-10T00:08:57.998000,417409.2083,-5748121.6404,-5128867.9405,3187.066550,4253.434900,-4506.017150,5,16,7714947.7763
2296,259738.998,2024-01-10T00:08:58.998000,420596.6190,-5743863.6479,-5133371.5766,3187.638300,4258.846100,-4502.138050,5,16,7714944.9036
2296,259739.998,2024-01-10T00:08:59.998000,423784.4849,-5739603.9482,-5137872.2166,3187.357900,4261.774250,-4497.960650,5,16,7714945.0864
2296,259740.998,2024-01-10T00:09:00.998000,426971.3348,-5735340.0994,-5142367.4979,3187.733600,4266.178400,-4493.068200,5,16,7714944.8514
2296,259741.998,2024-01-10T00:09:01.998000,430159.9521,-5731071.5914,-5146858.3530,3188.553200,4270.377950,-4488.597900,5,16,7714944.5932
2296,259742.998,2024-01-10T00:09:02.998000,433348.4412,-5726799.3435,-5151344.6937,3188.359600,4275.982900,-4483.971100,5,16,7714944.8310
2296,259743.998,2024-01-10T00:09:03.998000,436536.6713,-5722519.6256,-5155826.2952,3188.323350,4280.893500,-4479.145450,5,16,7714942.6386
2296,259744.998,2024-01-10T00:09:04.998000,439725.0879,-5718237.5565,-5160302.9846,3188.912550,4284.320150,-4475.268600,5,16,7714941.7236
2296,259745.998,2024-01-10T00:09:05.998000,442914.4964,-5713950.9853,-5164776.8324,3189.291500,4289.252500,-4470.999250,5,16,7714941.9208
2296,259746.998,2024-01-10T00:09:06.998000,446103.6709,-5709659.0515,-5169244.9831,3189.453200,4292.383300,-4467.090700,5,16,7714940.6132
2296,259747.998,2024-01-10T00:09:07.998000,449293.4028,-5705366.2187,-5173711.0138,3189.858350,4296.993600,-4462.174400,5,16,7714943.5452
2296,259748.998,2024-01-10T00:09:08.998000,452483.3876,-5701065.0643,-5178169.3319,3189.907400,4303.314050,-4456.754550,5,16,7714941.4588
2296,259749.998,2024-01-10T00:09:09.998000,455673.2176,-5696759.5906,-5182624.5229,3189.717000,4307.382150,-4452.298650,5,16,7714940.3666
2296,259750.998,2024-01-10T00:09:10.998000,458862.8216,-5692450.3000,-5187073.9292,3190.135050,4310.525450,-4447.156300,5,16,7714938.8497
2296,259751.998,2024-01-10T00:09:11.998000,462053.4877,-5688138.5397,-5191518.8355,3191.141600,4315.164150,-4444.074900,5,16,7714938.8391
2296,259752.998,2024-01-10T00:09:12.998000,465245.1048,-5683819.9717,-5195962.0790,3190.931200,4320.857500,-4439.856700,5,16,7714939.0409
2296,259753.998,2024-01-10T00:09:13.998000,468435.3501,-5679496.8247,-5200398.5489,3190.816350,4324.980150,-4434.229600,5,16,7714937.5193
2296,259754.998,2024-01-10T00:09:14.998000,471626.7375,-5675170.0114,-5204830.5382,3190.903150,4328.758750,-4430.565550,5,16,7714936.6406
2296,259755.998,2024-01-10T00:09:15.998000,474817.1564,-5670839.3072,-5209259.6800,3191.195650,4333.296250,-4426.777300,5,16,7714937.2126
2296,259756.998,2024-01-10T00:09:16.998000,478009.1288,-5666503.4189,-5213684.0928,3191.918150,4338.434300,-4420.657300,5,16,7714937.1704
2296,259757.998,2024-01-10T00:09:17.998000,481200.9927,-5662162.4386,-5218100.9946,3192.204500,4341.309600,-4416.773900,5,16,7714934.5990
2296,259758.998,2024-01-10T00:09:18.998000,484393.5378,-5657820.7997,-5222517.6406,3192.667150,4345.655600,-4412.810900,5,16,7714937.7060
2296,259759.998,2024-01-10T00:09:19.998000,487586.3270,-5653471.1274,-5226926.6164,3192.331550,4351.214950,-4406.805050,5,16,7714936.0378
2296,259760.998,2024-01-10T00:09:20.998000,490778.2009,-5649118.3698,-5231331.2507,3192.163350,4355.723900,-4402.441150,5,16,7714935.4017
2296,259761.998,2024-01-10T00:09:21.998000,493970.6537,-5644759.6796,-5235731.4987,3192.944250,4360.318750,-4398.682800,5,16,7714933.7764
2296,259762.998,2024-01-10T00:09:22.998000,497164.0894,-5640397.7323,-5240128.6163,3193.264100,4364.580400,-4394.506500,5,16,7714934.0001
2296,259763.998,2024-01-10T00:09:23.998000,500357.1819,-5636030.5188,-5244520.5117,3192.802400,4368.611250,-4389.008400,5,16,7714933.0986
2296,259764.998,2024-01-10T00:09:24.998000,503549.6942,-5631660.5098,-5248906.6331,3193.160450,4372.401800,-4384.256950,5,16,7714932.4842
2296,259765.998,2024-01-10T00:09:25.998000,506743.5028,-5627285.7152,-5253289.0256,3193.607700,4378.372600,-4380.755750,5,16,7714932.2152
2296,259766.998,2024-01-10T00:09:26.998000,509936.9096,-5622903.7646,-5257668.1446,3193.797400,4381.954800,-4375.910900,5,16,7714930.7655
2296,259767.998,2024-01-10T00:09:27.998000,513131.0976,-5618521.8056,-5262040.8474,3194.351650,4385.516600,-4371.354100,5,16,7714931.2818
2296,259768.998,2024-01-10T00:09:28.998000,516325.6129,-5614132.7314,-5266410.8528,3193.706450,4390.972850,-4366.604400,5,16,7714931.0907
2296,259769.998,2024-01-10T00:09:29.998000,519518.5105,-5609739.8599,-5270774.0562,3193.364950,4395.804100,-4361.120900,5,16,7714929.6776
2296,259770.998,2024-01-10T00:09:30.998000,522712.3428,-5605341.1232,-5275133.0946,3194.895750,4399.409600,-4357.242600,5,16,7714927.5088
2296,259771.998,2024-01-10T00:09:31.998000,525908.3020,-5600941.0407,-5279488.5414,3195.555500,4403.469650,-4353.600250,5,16,7714928.3433
2296,259772.998,2024-01-10T00:09:32.998000,529103.4538,-5596534.1839,-5283840.2951,3195.052700,4408.409950,-4348.404050,5,16,7714927.9712
2296,259773.998,2024-01-10T00:09:33.998000,532298.4074,-5592124.2208,-5288185.3495,3194.828950,4412.511100,-4342.957900,5,16,7714927.0370
2296,259774.998,2024-01-10T00:09:34.998000,535493.1117,-5587709.1617,-5292526.2109,3195.469100,4416.560800,-4340.091200,5,16,7714925.8092
2296,259775.998,2024-01-10T00:09:35.998000,538689.3456,-5583291.0992,-5296865.5319,3195.556250,4420.694900,-4335.429550,5,16,7714927.7490
2296,259776.998,2024-01-10T00:09:36.998000,541884.2242,-5578867.7719,-5301197.0700,3195.441600,4426.025950,-4328.748800,5,16,7714926.7335
2296,259777.998,2024-01-10T00:09:37.998000,545080.2288,-5574439.0473,-5305523.0295,3195.869700,4430.185900,-4324.807800,5,16,7714924.3525
2296,259778.998,2024-01-10T00:09:38.998000,548275.9636,-5570007.4001,-5309846.6856,3196.201250,4434.566650,-4320.457050,5,16,7714924.5488
2296,259779.998,2024-01-10T00:09:39.998000,551472.6313,-5565569.9140,-5314163.9436,3195.965600,4438.767350,-4315.993250,5,16,7714922.4850
2296,259780.998,2024-01-10T00:09:40.998000,554667.8948,-5561129.8654,-5318478.6721,3196.358350,4442.042250,-4312.644900,5,16,7714923.0222
2296,259781.998,2024-01-10T00:09:41.998000,557865.3480,-5556685.8295,-5322789.2334,3191.833100,4444.034750,-4293.049050,5,16,7714924.2626
2296,259782.998,2024-01-10T00:09:42.998000,561051.5610,-5552241.7959,-5327064.7702,3199.878100,4447.257850,-4307.415550,5,14,7714906.7966
2296,259783.998,2024-01-10T00:09:43.998000,564265.1042,-5547791.3138,-5331404.0645,3197.677150,4456.762800,-4316.421800,5,10,7714936.9970
2296,259784.998,2024-01-10T00:09:44.998000,567446.9153,-5543328.2703,-5335697.6138,3181.811100,4463.043500,-4293.549300,5,10,7714930.5467
