datetime_gps,dR_m,dT_m,dN_m,d3_m
2024-01-09T23:59:42.500000,-3076.77071,-71880.36206,12323.08225,72993.91293
2024-01-09T23:59:43.500000,-3076.50547,-71877.42134,12320.46155,72990.56348
2024-01-09T23:59:44.500000,-3076.23716,-71874.47569,12317.82872,72987.20706
2024-01-09T23:59:45.500000,-3075.96576,-71871.52512,12315.18375,72983.84369
2024-01-09T23:59:46.500000,-3075.69130,-71868.56963,12312.52662,72980.47334
2024-01-09T23:59:47.500000,-3075.41375,-71865.60922,12309.85734,72977.09604
2024-01-09T23:59:48.500000,-3075.13313,-71862.64389,12307.17590,72973.71176
2024-01-09T23:59:49.500000,-3074.84943,-71859.67363,12304.48228,72970.32053
2024-01-09T23:59:50.500000,-3074.56265,-71856.69844,12301.77658,72966.92232
2024-01-09T23:59:51.500000,-3074.27278,-71853.71834,12299.05858,72963.51715
2024-01-09T23:59:52.500000,-3073.97986,-71850.73333,12296.32838,72960.10501
2024-01-09T23:59:53.500000,-3073.68388,-71847.74340,12293.58596,72956.68591
2024-01-09T23:59:54.500000,-3073.38487,-71844.74855,12290.83133,72953.25986
2024-01-09T23:59:55.500000,-3073.08282,-71841.74879,12288.06448,72949.82684
2024-01-09T23:59:56.500000,-3072.77775,-71838.74412,12285.28540,72946.38687
2024-01-09T23:59:57.500000,-3072.46967,-71835.73453,12282.49409,72942.93993
2024-01-09T23:59:58.500000,-3072.15858,-71832.72002,12279.69055,72939.48604
2024-01-09T23:59:59.500000,-3071.84450,-71829.70060,12276.87477,72936.02520
2024-01-10T00:00:00.500000,-3071.52745,-71826.67627,12274.04675,72932.55740
2024-01-10T00:00:01.500000,-3071.20743,-71823.64703,12271.20651,72929.08265
2024-01-10T00:00:02.500000,-3070.88442,-71820.61285,12268.35402,72925.60093
2024-01-10T00:00:03.500000,-3070.55844,-71817.57374,12265.48931,72922.11225
2024-01-10T00:00:04.500000,-3070.22947,-71814.52968,12262.61235,72918.61658
2024-01-10T00:00:05.500000,-3069.89753,-71811.48067,12259.72317,72915.11393
2024-01-10T00:00:06.500000,-3069.56259,-71808.42671,12256.82175,72911.60429
2024-01-10T00:00:07.500000,-3069.22468,-71805.36778,12253.90811,72908.08766
2024-01-10T00:00:08.500000,-3068.88378,-71802.30389,12250.98224,72904.56404
2024-01-10T00:00:09.500000,-3068.53989,-71799.23502,12248.04414,72901.03341
2024-01-10T00:00:10.500000,-3068.19300,-71796.16117,12245.09375,72897.49576
2024-01-10T00:00:11.500000,-3067.84311,-71793.08231,12242.13122,72893.95110
2024-01-10T00:00:12.500000,-3067.49024,-71789.99848,12239.15646,72890.39943
2024-01-10T00:00:13.500000,-3067.13439,-71786.90966,12236.16949,72886.84076
2024-01-10T00:00:14.500000,-3066.77557,-71783.81587,12233.17030,72883.27509
2024-01-10T00:00:15.500000,-3066.41377,-71780.71710,12230.15888,72879.70243
2024-01-10T00:00:16.500000,-3066.04901,-71777.61336,12227.13523,72876.12279
2024-01-10T00:00:17.500000,-3065.68129,-71774.50466,12224.09934,72872.53615
2024-01-10T00:00:18.500000,-3065.31061,-71771.39098,12221.05122,72868.94253
2024-01-10T00:00:19.500000,-3064.93699,-71768.27235,12217.99085,72865.34194
2024-01-10T00:00:20.500000,-3064.56044,-71765.14877,12214.91825,72861.73438
2024-01-10T00:00:21.500000,-3064.18095,-71762.02025,12211.83336,72858.11986
2024-01-10T00:00:22.500000,-3063.79854,-71758.88676,12208.73620,72854.49835
2024-01-10T00:00:23.500000,-3063.41320,-71755.74831,12205.62677,72850.86987
2024-01-10T00:00:24.500000,-3063.02493,-71752.60488,12202.50505,72847.23439
2024-01-10T00:00:25.500000,-3062.63375,-71749.45648,12199.37103,72843.59193
2024-01-10T00:00:26.500000,-3062.23966,-71746.30310,12196.22472,72839.94246
2024-01-10T00:00:27.500000,-3061.84265,-71743.14473,12193.06610,72836.28600
2024-01-10T00:00:28.500000,-3061.44275,-71739.98138,12189.89516,72832.62253
2024-01-10T00:00:29.500000,-3061.03994,-71736.81303,12186.71191,72828.95205
2024-01-10T00:00:30.500000,-3060.63423,-71733.63964,12183.51646,72825.27454
2024-01-10T00:00:31.500000,-3060.22562,-71730.46127,12180.30854,72821.59000
2024-01-10T00:00:32.500000,-3059.81413,-71727.27789,12177.08828,72817.89845
2024-01-10T00:00:33.500000,-3059.39976,-71724.08951,12173.85568,72814.19989
2024-01-10T00:00:34.500000,-3058.98251,-71720.89614,12170.61074,72810.49432
2024-01-10T00:00:35.500000,-3058.56239,-71717.69777,12167.35347,72806.78174
2024-01-10T00:00:36.500000,-3058.13940,-71714.49439,12164.08387,72803.06215
2024-01-10T00:00:37.500000,-3057.71355,-71711.28602,12160.80194,72799.33557
2024-01-10T00:00:38.500000,-3057.28485,-71708.07265,12157.50770,72795.60198
2024-01-10T00:00:39.500000,-3056.85329,-71704.85428,12154.20114,72791.86139
2024-01-10T00:00:40.500000,-3056.41889,-71701.63096,12150.88204,72788.11382
2024-01-10T00:00:41.500000,-3055.98165,-71698.40261,12147.55092,72784.35926
2024-01-10T00:00:42.500000,-3055.54157,-71695.16924,12144.20752,72780.59771
2024-01-10T00:00:43.500000,-3055.09865,-71691.93087,12140.85184,72776.82916
2024-01-10T00:00:44.500000,-3054.65289,-71688.68748,12137.48388,72773.05361
2024-01-10T00:00:45.500000,-3054.20431,-71685.43908,12134.10364,72769.27106
2024-01-10T00:00:46.500000,-3053.75289,-71682.18565,12130.71110,72765.48150
2024-01-10T00:00:47.500000,-3053.29864,-71678.92721,12127.30627,72761.68494
2024-01-10T00:00:48.500000,-3052.84158,-71675.66374,12123.88914,72757.88138
2024-01-10T00:00:49.500000,-3052.38168,-71672.39525,12120.45969,72754.07080
2024-01-10T00:00:50.500000,-3051.91897,-71669.12168,12117.01815,72750.25320
2024-01-10T00:00:51.500000,-3051.45344,-71665.84313,12113.56399,72746.42859
2024-01-10T00:00:52.500000,-3050.98509,-71662.55955,12110.09747,72742.59696
2024-01-10T00:00:53.500000,-3050.51394,-71659.27096,12106.61858,72738.75833
2024-01-10T00:00:54.500000,-3050.03998,-71655.97734,12103.12730,72734.91268
2024-01-10T00:00:55.500000,-3049.56323,-71652.67870,12099.62365,72731.06003
2024-01-10T00:00:56.500000,-3049.08367,-71649.37504,12096.10762,72727.20038
2024-01-10T00:00:57.500000,-3048.60133,-71646.06637,12092.57919,72723.33372
2024-01-10T00:00:58.500000,-3048.11620,-71642.75267,12089.03838,72719.46006
2024-01-10T00:00:59.500000,-3047.62828,-71639.43395,12085.48519,72715.57940
2024-01-10T00:01:00.500000,-3047.13759,-71636.11025,12081.91944,72711.69175
2024-01-10T00:01:01.500000,-3046.64413,-71632.78150,12078.34151,72707.79710
2024-01-10T00:01:02.500000,-3046.14791,-71629.44772,12074.75122,72703.89546
2024-01-10T00:01:03.500000,-3045.64893,-71626.10891,12071.14855,72699.98682
2024-01-10T00:01:04.500000,-3045.14720,-71622.76507,12067.53353,72696.07117
2024-01-10T00:01:05.500000,-3044.64272,-71619.41620,12063.90613,72692.14852
2024-01-10T00:01:06.500000,-3044.13551,-71616.06229,12060.26636,72688.21887
2024-01-10T00:01:07.500000,-3043.62556,-71612.70333,12056.61422,72684.28222
2024-01-10T00:01:08.500000,-3043.11289,-71609.33934,12052.94970,72680.33856
2024-01-10T00:01:09.500000,-3042.59750,-71605.97030,12049.27280,72676.38790
2024-01-10T00:01:10.500000,-3042.07939,-71602.59619,12045.58365,72672.43022
2024-01-10T00:01:11.500000,-3041.55858,-71599.21705,12041.88196,72668.46553
2024-01-10T00:01:12.500000,-3041.03506,-71595.83287,12038.16786,72664.49383
2024-01-10T00:01:13.500000,-3040.50884,-71592.44364,12034.44137,72660.51514
2024-01-10T00:01:14.500000,-3039.97991,-71589.04937,12030.70246,72656.52944
2024-01-10T00:01:15.500000,-3039.44828,-71585.65006,12026.95116,72652.53674
2024-01-10T00:01:16.500000,-3038.91394,-71582.24571,12023.18744,72648.53704
2024-01-10T00:01:17.500000,-3038.37692,-71578.83631,12019.41133,72644.53035
2024-01-10T00:01:18.500000,-3037.83719,-71575.42186,12015.62280,72640.51666
2024-01-10T00:01:19.500000,-3037.29478,-71572.00238,12011.82187,72636.49598
2024-01-10T00:01:20.500000,-3036.74967,-71568.57788,12008.00840,72632.46832
2024-01-10T00:01:21.500000,-3036.20188,-71565.14832,12004.18268,72628.43367
2024-01-10T00:01:22.500000,-3035.65140,-71561.71370,12000.34458,72624.39203
2024-01-10T00:01:23.500000,-3035.09825,-71558.27404,11996.49407,72620.34339
2024-01-10T00:01:24.500000,-3034.54242,-71554.82931,11992.63117,72616.28776
2024-01-10T00:01:25.500000,-3033.98393,-71551.37953,11988.75586,72612.22513
2024-01-10T00:01:26.500000,-3033.42279,-71547.92469,11984.86814,72608.15550
2024-01-10T00:01:27.500000,-3032.85898,-71544.46478,11980.96801,72604.07887
2024-01-10T00:01:28.500000,-3032.29254,-71540.99981,11977.05546,72599.99524
2024-01-10T00:01:29.500000,-3031.72345,-71537.52977,11973.13049,72595.90461
2024-01-10T00:01:30.500000,-3031.15173,-71534.05462,11969.19326,72591.80697
2024-01-10T00:01:31.500000,-3030.57737,-71530.57444,11965.24338,72587.70232
2024-01-10T00:01:32.500000,-3030.00040,-71527.08918,11961.28104,72583.59066
2024-01-10T00:01:33.500000,-3029.42082,-71523.59886,11957.30625,72579.47201
2024-01-10T00:01:34.500000,-3028.83863,-71520.10348,11953.31900,72575.34637
2024-01-10T00:01:35.500000,-3028.25384,-71516.60303,11949.31929,72571.21373
2024-01-10T00:01:36.500000,-3027.66646,-71513.09752,11945.30711,72567.07410
2024-01-10T00:01:37.500000,-3027.07649,-71509.58695,11941.28248,72562.92749
2024-01-10T00:01:38.500000,-3026.48394,-71506.07132,11937.24540,72558.77389
2024-01-10T00:01:39.500000,-3025.88881,-71502.55063,11933.19587,72554.61331
2024-01-10T00:01:40.500000,-3025.29113,-71499.02491,11929.13367,72550.44576
2024-01-10T00:01:41.500000,-3024.69088,-71495.49410,11925.05928,72546.27124
2024-01-10T00:01:42.500000,-3024.08806,-71491.95823,11920.97248,72542.08974
2024-01-10T00:01:43.500000,-3023.48268,-71488.41729,11916.87324,72537.90128
2024-01-10T00:01:44.500000,-3022.87473,-71484.87128,11912.76158,72533.70584
2024-01-10T00:01:45.500000,-3022.26421,-71481.32021,11908.63749,72529.50343
2024-01-10T00:01:46.500000,-3021.65114,-71477.76408,11904.50096,72525.29405
2024-01-10T00:01:47.500000,-3021.03550,-71474.20288,11900.35200,72521.07769
2024-01-10T00:01:48.500000,-3020.41730,-71470.63661,11896.19059,72516.85437
2024-01-10T00:01:49.500000,-3019.79654,-71467.06527,11892.01672,72512.62408
2024-01-10T00:01:50.500000,-3019.17321,-71463.48883,11887.83063,72508.38682
2024-01-10T00:01:51.500000,-3018.54732,-71459.90736,11883.63178,72504.14259
2024-01-10T00:01:52.500000,-3017.91889,-71456.32083,11879.42044,72499.89139
2024-01-10T00:01:53.500000,-3017.28791,-71452.72923,11875.19661,72495.63321
2024-01-10T00:01:54.500000,-3016.65440,-71449.13255,11870.96027,72491.36806
2024-01-10T00:01:55.500000,-3016.01836,-71445.53080,11866.71143,72487.09594
2024-01-10T00:01:56.500000,-3015.37981,-71441.92397,11862.45010,72482.81684
2024-01-10T00:01:57.500000,-3014.73875,-71438.31205,11858.17626,72478.53077
2024-01-10T00:01:58.500000,-3014.09518,-71434.69506,11853.88994,72474.23773
2024-01-10T00:01:59.500000,-3013.44913,-71431.07298,11849.59113,72469.93771
2024-01-10T00:02:00.500000,-3012.80059,-71427.44584,11845.27958,72465.63072
2024-01-10T00:02:01.500000,-3012.14959,-71423.81357,11840.95585,72461.31675
2024-01-10T00:02:02.500000,-3011.49612,-71420.17620,11836.61967,72456.99581
2024-01-10T00:02:03.500000,-3010.84017,-71416.53375,11832.27103,72452.66792
2024-01-10T00:02:04.500000,-3010.18176,-71412.88621,11827.90993,72448.33307
2024-01-10T00:02:05.500000,-3009.52090,-71409.23360,11823.53637,72443.99127
2024-01-10T00:02:06.500000,-3008.85758,-71405.57591,11819.15035,72439.64253
2024-01-10T00:02:07.500000,-3008.19180,-71401.91315,11814.75185,72435.28684
2024-01-10T00:02:08.500000,-3007.52359,-71398.24531,11810.34089,72430.92422
2024-01-10T00:02:09.500000,-3006.85293,-71394.57241,11805.91743,72426.55467
2024-01-10T00:02:10.500000,-3006.17983,-71390.89443,11801.48172,72422.17820
2024-01-10T00:02:11.500000,-3005.50429,-71387.21144,11797.03323,72417.79481
2024-01-10T00:02:12.500000,-3004.82632,-71383.52338,11792.57221,72413.40450
2024-01-10T00:02:13.500000,-3004.14594,-71379.83027,11788.09867,72409.00726
2024-01-10T00:02:14.500000,-3003.46315,-71376.13208,11783.61259,72404.60308
2024-01-10T00:02:15.500000,-3002.77796,-71372.42883,11779.11398,72400.19198
2024-01-10T00:02:16.500000,-3002.09037,-71368.72050,11774.60283,72395.77394
2024-01-10T00:02:17.500000,-3001.40039,-71365.00709,11770.07915,72391.34897
2024-01-10T00:02:18.500000,-3000.70803,-71361.28861,11765.54294,72386.91706
2024-01-10T00:02:19.500000,-3000.01329,-71357.56503,11760.99421,72382.47821
2024-01-10T00:02:20.500000,-2999.31619,-71353.83638,11756.43277,72378.03241
2024-01-10T00:02:21.500000,-2998.61673,-71350.10260,11751.85903,72373.57966
2024-01-10T00:02:22.500000,-2997.91490,-71346.36372,11747.27278,72369.11998
2024-01-10T00:02:23.500000,-2997.21070,-71342.61975,11742.67405,72364.65337
2024-01-10T00:02:24.500000,-2996.50412,-71338.87068,11738.06281,72360.17984
2024-01-10T00:02:25.500000,-2995.79518,-71335.11654,11733.43907,72355.69938
2024-01-10T00:02:26.500000,-2995.08386,-71331.35730,11728.80284,72351.21200
2024-01-10T00:02:27.500000,-2994.37018,-71327.59299,11724.15410,72346.71771
2024-01-10T00:02:28.500000,-2993.65412,-71323.82360,11719.49286,72342.21651
2024-01-10T00:02:29.500000,-2992.93571,-71320.04913,11714.81911,72337.70841
2024-01-10T00:02:30.500000,-2992.21491,-71316.26958,11710.13297,72333.19342
2024-01-10T00:02:31.500000,-2991.49173,-71312.48499,11705.43417,72328.67154
2024-01-10T00:02:32.500000,-2990.76620,-71308.69533,11700.72284,72324.14277
2024-01-10T00:02:33.500000,-2990.03835,-71304.90061,11695.99897,72319.60711
2024-01-10T00:02:34.500000,-2989.30817,-71301.10082,11691.26256,72315.06456
2024-01-10T00:02:35.500000,-2988.57569,-71297.29596,11686.51362,72310.51512
2024-01-10T00:02:36.500000,-2987.84092,-71293.48603,11681.75214,72305.95879
2024-01-10T00:02:37.500000,-2987.10386,-71289.67103,11676.97812,72301.39558
2024-01-10T00:02:38.500000,-2986.36453,-71285.85096,11672.19155,72296.82549
2024-01-10T00:02:39.500000,-2985.62293,-71282.02581,11667.39245,72292.24851
2024-01-10T00:02:40.500000,-2984.87912,-71278.19559,11662.58073,72287.66464
2024-01-10T00:02:41.500000,-2984.13308,-71274.36028,11657.75656,72283.07389
2024-01-10T00:02:42.500000,-2983.38480,-71270.51988,11652.91986,72278.47626
2024-01-10T00:02:43.500000,-2982.63428,-71266.67440,11648.07062,72273.87174
2024-01-10T00:02:44.500000,-2981.88150,-71262.82384,11643.20884,72269.26035
2024-01-10T00:02:45.500000,-2981.12649,-71258.96819,11638.33453,72264.64207
2024-01-10T00:02:46.500000,-2980.36922,-71255.10746,11633.44768,72260.01692
2024-01-10T00:02:47.500000,-2979.60970,-71251.24165,11628.54829,72255.38489
2024-01-10T00:02:48.500000,-2978.84793,-71247.37074,11623.63636,72250.74598
2024-01-10T00:02:49.500000,-2978.08392,-71243.49476,11618.71189,72246.10021
2024-01-10T00:02:50.500000,-2977.31762,-71239.61369,11613.77488,72241.44756
2024-01-10T00:02:51.500000,-2976.54904,-71235.72753,11608.82531,72236.78804
2024-01-10T00:02:52.500000,-2975.77823,-71231.83630,11603.86318,72232.12166
2024-01-10T00:02:53.500000,-2975.00519,-71227.94000,11598.88850,72227.44843
2024-01-10T00:02:54.500000,-2974.22992,-71224.03863,11593.90126,72222.76836
2024-01-10T00:02:55.500000,-2973.45245,-71220.13220,11588.90146,72218.08144
2024-01-10T00:02:56.500000,-2972.67277,-71216.22070,11583.88909,72213.38769
2024-01-10T00:02:57.500000,-2971.89089,-71212.30415,11578.86416,72208.68711
2024-01-10T00:02:58.500000,-2971.10684,-71208.38255,11573.82667,72203.97970
2024-01-10T00:02:59.500000,-2970.32062,-71204.45589,11568.77660,72199.26547
2024-01-10T00:03:00.500000,-2969.53226,-71200.52418,11563.71402,72194.54444
2024-01-10T00:03:01.500000,-2968.74177,-71196.58744,11558.63880,72189.81661
2024-01-10T00:03:02.500000,-2967.94912,-71192.64565,11553.55100,72185.08196
2024-01-10T00:03:03.500000,-2967.15433,-71188.69879,11548.45063,72180.34049
2024-01-10T00:03:04.500000,-2966.35739,-71184.74688,11543.33769,72175.59220
2024-01-10T00:03:05.500000,-2965.55830,-71180.78990,11538.21217,72170.83709
2024-01-10T00:03:06.500000,-2964.75706,-71176.82785,11533.07408,72166.07516
2024-01-10T00:03:07.500000,-2963.95368,-71172.86072,11527.92343,72161.30641
2024-01-10T00:03:08.500000,-2963.14817,-71168.88851,11522.76021,72156.53084
2024-01-10T00:03:09.500000,-2962.34051,-71164.91123,11517.58443,72151.74844
2024-01-10T00:03:10.500000,-2961.53069,-71160.92887,11512.39596,72146.95920
2024-01-10T00:03:11.500000,-2960.71872,-71156.94138,11507.19509,72142.16313
2024-01-10T00:03:12.500000,-2959.90463,-71152.94881,11501.98168,72137.36024
2024-01-10T00:03:13.500000,-2959.08843,-71148.95116,11496.75572,72132.55054
2024-01-10T00:03:14.500000,-2958.27014,-71144.94843,11491.51722,72127.73403
2024-01-10T00:03:15.500000,-2957.44975,-71140.94063,11486.26617,72122.91073
2024-01-10T00:03:16.500000,-2956.62729,-71136.92776,11481.00256,72118.08064
2024-01-10T00:03:17.500000,-2955.80277,-71132.90983,11475.72640,72113.24377
2024-01-10T00:03:18.500000,-2954.97619,-71128.88684,11470.43768,72108.40012
2024-01-10T00:03:19.500000,-2954.14757,-71124.85879,11465.13639,72103.54970
2024-01-10T00:03:20.500000,-2953.31693,-71120.82569,11459.82270,72098.69252
2024-01-10T00:03:21.500000,-2952.48429,-71116.78758,11454.49622,72093.82860
2024-01-10T00:03:22.500000,-2951.64963,-71112.74443,11449.15715,72088.95793
2024-01-10T00:03:23.500000,-2950.81293,-71108.69623,11443.80548,72084.08049
2024-01-10T00:03:24.500000,-2949.97422,-71104.64299,11438.44121,72079.19631
2024-01-10T00:03:25.500000,-2949.13348,-71100.58471,11433.06433,72074.30537
2024-01-10T00:03:26.500000,-2948.29073,-71096.52139,11427.67486,72069.40769
2024-01-10T00:03:27.500000,-2947.44595,-71092.45301,11422.27279,72064.50325
2024-01-10T00:03:28.500000,-2946.59914,-71088.37959,11416.85812,72059.59207
2024-01-10T00:03:29.500000,-2945.75032,-71084.30112,11411.43086,72054.67414
2024-01-10T00:03:30.500000,-2944.89946,-71080.21761,11405.99086,72049.74945
2024-01-10T00:03:31.500000,-2944.04657,-71076.12901,11400.53847,72044.81802
2024-01-10T00:03:32.500000,-2943.19166,-71072.03536,11395.07350,72039.87984
2024-01-10T00:03:33.500000,-2942.33475,-71067.93666,11389.59597,72034.93493
2024-01-10T00:03:34.500000,-2941.47585,-71063.83290,11384.10587,72029.98329
2024-01-10T00:03:35.500000,-2940.61495,-71059.72408,11378.60321,72025.02492
2024-01-10T00:03:36.500000,-2939.75208,-71055.61022,11373.08799,72020.05982
2024-01-10T00:03:37.500000,-2938.88723,-71051.49131,11367.56019,72015.08800
2024-01-10T00:03:38.500000,-2938.02042,-71047.36735,11362.01983,72010.10947
2024-01-10T00:03:39.500000,-2937.15165,-71043.23834,11356.46689,72005.12422
2024-01-10T00:03:40.500000,-2936.28095,-71039.10428,11350.90148,72000.13227
2024-01-10T00:03:41.500000,-2935.40833,-71034.96521,11345.32336,71995.13363
2024-01-10T00:03:42.500000,-2934.53376,-71030.82109,11339.73266,71990.12828
2024-01-10T00:03:43.500000,-2933.65727,-71026.67194,11334.12935,71985.11624
2024-01-10T00:03:44.500000,-2932.77885,-71022.51775,11328.51345,71980.09751
2024-01-10T00:03:45.500000,-2931.89850,-71018.35853,11322.88495,71975.07208
2024-01-10T00:03:46.500000,-2931.01624,-71014.19428,11317.24385,71970.03998
2024-01-10T00:03:47.500000,-2930.13207,-71010.02500,11311.59014,71965.00119
2024-01-10T00:03:48.500000,-2929.24599,-71005.85069,11305.92383,71959.95572
2024-01-10T00:03:49.500000,-2928.35800,-71001.67135,11300.24492,71954.90359
2024-01-10T00:03:50.500000,-2927.46810,-70997.48699,11294.55336,71949.84478
2024-01-10T00:03:51.500000,-2926.57630,-70993.29759,11288.84925,71944.77930
2024-01-10T00:03:52.500000,-2925.68262,-70989.10316,11283.13255,71939.70716
2024-01-10T00:03:53.500000,-2924.78707,-70984.90372,11277.40325,71934.62837
2024-01-10T00:03:54.500000,-2923.88965,-70980.69925,11271.66135,71929.54293
2024-01-10T00:03:55.500000,-2922.99038,-70976.48977,11265.90686,71924.45085
2024-01-10T00:03:56.500000,-2922.08926,-70972.27527,11260.13977,71919.35212
2024-01-10T00:03:57.500000,-2921.18631,-70968.05575,11254.36008,71914.24677
2024-01-10T00:03:58.500000,-2920.28153,-70963.83123,11248.56780,71909.13478
2024-01-10T00:03:59.500000,-2919.37494,-70959.60169,11242.76292,71904.01616
2024-01-10T00:04:00.500000,-2918.46655,-70955.36714,11236.94547,71898.89093
2024-01-10T00:04:01.500000,-2917.55636,-70951.12759,11231.11540,71893.75908
2024-01-10T00:04:02.500000,-2916.64438,-70946.88303,11225.27273,71888.62061
2024-01-10T00:04:03.500000,-2915.73060,-70942.63346,11219.41746,71883.47554
2024-01-10T00:04:04.500000,-2914.81503,-70938.37888,11213.54959,71878.32385
2024-01-10T00:04:05.500000,-2913.89767,-70934.11930,11207.66914,71873.16556
2024-01-10T00:04:06.500000,-2912.97853,-70929.85471,11201.77608,71868.00067
2024-01-10T00:04:07.500000,-2912.05760,-70925.58511,11195.87043,71862.82918
2024-01-10T00:04:08.500000,-2911.13489,-70921.31050,11189.95219,71857.65109
2024-01-10T00:04:09.500000,-2910.21040,-70917.03088,11184.02136,71852.46640
2024-01-10T00:04:10.500000,-2909.28413,-70912.74627,11178.07789,71847.27512
2024-01-10T00:04:11.500000,-2908.35608,-70908.45663,11172.12188,71842.07726
2024-01-10T00:04:12.500000,-2907.42626,-70904.16199,11166.15328,71836.87280
2024-01-10T00:04:13.500000,-2906.49469,-70899.86234,11160.17210,71831.66176
2024-01-10T00:04:14.500000,-2905.56136,-70895.55767,11154.17833,71826.44414
2024-01-10T00:04:15.500000,-2904.62628,-70891.24798,11148.17196,71821.21993
2024-01-10T00:04:16.500000,-2903.68945,-70886.93329,11142.15301,71815.98915
2024-01-10T00:04:17.500000,-2902.75090,-70882.61359,11136.12146,71810.75179
2024-01-10T00:04:18.500000,-2901.81061,-70878.28887,11130.07731,71805.50786
2024-01-10T00:04:19.500000,-2900.86861,-70873.95915,11124.02057,71800.25737
2024-01-10T00:04:20.500000,-2899.92489,-70869.62440,11117.95130,71795.00031
2024-01-10T00:04:21.500000,-2898.97947,-70865.28466,11111.86935,71789.73668
2024-01-10T00:04:22.500000,-2898.03235,-70860.93992,11105.77478,71784.46651
2024-01-10T00:04:23.500000,-2897.08354,-70856.59020,11099.66761,71779.18981
2024-01-10T00:04:24.500000,-2896.13304,-70852.23551,11093.54784,71773.90659
2024-01-10T00:04:25.500000,-2895.18086,-70847.87585,11087.41545,71768.61686
2024-01-10T00:04:26.500000,-2894.22700,-70843.51122,11081.27046,71763.32062
2024-01-10T00:04:27.500000,-2893.27148,-70839.14164,11075.11287,71758.01790
2024-01-10T00:04:28.500000,-2892.31429,-70834.76710,11068.94267,71752.70869
2024-01-10T00:04:29.500000,-2891.35545,-70830.38762,11062.75988,71747.39301
2024-01-10T00:04:30.500000,-2890.39496,-70826.00323,11056.56442,71742.07087
2024-01-10T00:04:31.500000,-2889.43283,-70821.61390,11050.35645,71736.74230
2024-01-10T00:04:32.500000,-2888.46906,-70817.21963,11044.13589,71731.40726
2024-01-10T00:04:33.500000,-2887.50366,-70812.82041,11037.90275,71726.06576
2024-01-10T00:04:34.500000,-2886.53665,-70808.41624,11031.65703,71720.71779
2024-01-10T00:04:35.500000,-2885.56802,-70804.00711,11025.39872,71715.36337
2024-01-10T00:04:36.500000,-2884.59778,-70799.59303,11019.12783,71710.00248
2024-01-10T00:04:37.500000,-2883.62594,-70795.17399,11012.84436,71704.63513
2024-01-10T00:04:38.500000,-2882.65251,-70790.74998,11006.54831,71699.26132
2024-01-10T00:04:39.500000,-2881.67750,-70786.32100,11000.23967,71693.88104
2024-01-10T00:04:40.500000,-2880.70090,-70781.88703,10993.91845,71688.49428
2024-01-10T00:04:41.500000,-2879.72274,-70777.44807,10987.58463,71683.10104
2024-01-10T00:04:42.500000,-2878.74300,-70773.00414,10981.23823,71677.70134
2024-01-10T00:04:43.500000,-2877.76170,-70768.55525,10974.87923,71672.29519
2024-01-10T00:04:44.500000,-2876.77884,-70764.10139,10968.50764,71666.88260
2024-01-10T00:04:45.500000,-2875.79442,-70759.64257,10962.12346,71661.46357
2024-01-10T00:04:46.500000,-2874.80845,-70755.17879,10955.72667,71656.03810
2024-01-10T00:04:47.500000,-2873.82093,-70750.71007,10949.31727,71650.60621
2024-01-10T00:04:48.500000,-2872.83187,-70746.23640,10942.89528,71645.16791
2024-01-10T00:04:49.500000,-2871.84128,-70741.75779,10936.46067,71639.72319
2024-01-10T00:04:50.500000,-2870.84915,-70737.27424,10930.01354,71634.27209
2024-01-10T00:04:51.500000,-2869.85549,-70732.78579,10923.55370,71628.81461
2024-01-10T00:04:52.500000,-2868.86032,-70728.29242,10917.08124,71623.35074
2024-01-10T00:04:53.500000,-2867.86364,-70723.79412,10910.59617,71617.88049
2024-01-10T00:04:54.500000,-2866.86547,-70719.29090,10904.09849,71612.40386
2024-01-10T00:04:55.500000,-2865.86581,-70714.78277,10897.58819,71606.92087
2024-01-10T00:04:56.500000,-2864.86468,-70710.26971,10891.06529,71601.43152
2024-01-10T00:04:57.500000,-2863.86208,-70705.75175,10884.52978,71595.93581
2024-01-10T00:04:58.500000,-2862.85802,-70701.22887,10877.98168,71590.43375
2024-01-10T00:04:59.500000,-2861.85251,-70696.70108,10871.42099,71584.92535
2024-01-10T00:05:00.500000,-2860.84556,-70692.16839,10864.84758,71579.41060
2024-01-10T00:05:01.500000,-2859.83719,-70687.63076,10858.26174,71573.88951
2024-01-10T00:05:02.500000,-2858.82738,-70683.08823,10851.66334,71568.36209
2024-01-10T00:05:03.500000,-2857.81614,-70678.54078,10845.05236,71562.82835
2024-01-10T00:05:04.500000,-2856.80348,-70673.98844,10838.42883,71557.28829
2024-01-10T00:05:05.500000,-2855.78938,-70669.43120,10831.79273,71551.74192
2024-01-10T00:05:06.500000,-2854.77386,-70664.86905,10825.14406,71546.18925
2024-01-10T00:05:07.500000,-2853.75693,-70660.30201,10818.48284,71540.63028
2024-01-10T00:05:08.500000,-2852.73857,-70655.73008,10811.80905,71535.06501
2024-01-10T00:05:09.500000,-2851.71881,-70651.15326,10805.12269,71529.49345
2024-01-10T00:05:10.500000,-2850.69761,-70646.57154,10798.42384,71523.91562
2024-01-10T00:05:11.500000,-2849.67501,-70641.98496,10791.71232,71518.33151
2024-01-10T00:05:12.500000,-2848.65100,-70637.39350,10784.98821,71512.74113
2024-01-10T00:05:13.500000,-2847.62561,-70632.79715,10778.25152,71507.14447
2024-01-10T00:05:14.500000,-2846.59883,-70628.19592,10771.50224,71501.54155
2024-01-10T00:05:15.500000,-2845.57069,-70623.58981,10764.74037,71495.93237
2024-01-10T00:05:16.500000,-2844.54118,-70618.97881,10757.96592,71490.31692
2024-01-10T00:05:17.500000,-2843.51031,-70614.36294,10751.17887,71484.69523
2024-01-10T00:05:18.500000,-2842.47811,-70609.74219,10744.37923,71479.06728
2024-01-10T00:05:19.500000,-2841.44456,-70605.11656,10737.56700,71473.43308
2024-01-10T00:05:20.500000,-2840.40970,-70600.48604,10730.74220,71467.79264
2024-01-10T00:05:21.500000,-2839.37352,-70595.85064,10723.90479,71462.14595
2024-01-10T00:05:22.500000,-2838.33604,-70591.21037,10717.05479,71456.49303
2024-01-10T00:05:23.500000,-2837.29724,-70586.56523,10710.19221,71450.83390
2024-01-10T00:05:24.500000,-2836.25713,-70581.91523,10703.31705,71445.16855
2024-01-10T00:05:25.500000,-2835.21573,-70577.26037,10696.42932,71439.49699
2024-01-10T00:05:26.500000,-2834.17303,-70572.60066,10689.52901,71433.81924
2024-01-10T00:05:27.500000,-2833.12903,-70567.93609,10682.61613,71428.13529
2024-01-10T00:05:28.500000,-2832.08376,-70563.26667,10675.69069,71422.44517
2024-01-10T00:05:29.500000,-2831.03720,-70558.59241,10668.75269,71416.74887
2024-01-10T00:05:30.500000,-2829.98935,-70553.91334,10661.80199,71411.04641
2024-01-10T00:05:31.500000,-2828.94023,-70549.22941,10654.83891,71405.33779
2024-01-10T00:05:32.500000,-2827.88985,-70544.54064,10647.86330,71399.62303
2024-01-10T00:05:33.500000,-2826.83821,-70539.84703,10640.87515,71393.90211
2024-01-10T00:05:34.500000,-2825.78532,-70535.14859,10633.87446,71388.17504
2024-01-10T00:05:35.500000,-2824.73119,-70530.44531,10626.86123,71382.44183
2024-01-10T00:05:36.500000,-2823.67582,-70525.73720,10619.83545,71376.70248
2024-01-10T00:05:37.500000,-2822.61924,-70521.02425,10612.79712,71370.95700
2024-01-10T00:05:38.500000,-2821.56143,-70516.30648,10605.74624,71365.20540
2024-01-10T00:05:39.500000,-2820.50242,-70511.58388,10598.68279,71359.44767
2024-01-10T00:05:40.500000,-2819.44221,-70506.85640,10591.60704,71353.68381
2024-01-10T00:05:41.500000,-2818.38081,-70502.12414,10584.51840,71347.91383
2024-01-10T00:05:42.500000,-2817.31822,-70497.38707,10577.41716,71342.13775
2024-01-10T00:05:43.500000,-2816.25446,-70492.64519,10570.30331,71336.35557
2024-01-10T00:05:44.500000,-2815.18953,-70487.89850,10563.17688,71330.56731
2024-01-10T00:05:45.500000,-2814.12343,-70483.14702,10556.03785,71324.77297
2024-01-10T00:05:46.500000,-2813.05618,-70478.39075,10548.88623,71318.97257
2024-01-10T00:05:47.500000,-2811.98777,-70473.62968,10541.72204,71313.16610
2024-01-10T00:05:48.500000,-2810.91822,-70468.86383,10534.54527,71307.35358
2024-01-10T00:05:49.500000,-2809.84754,-70464.09319,10527.35595,71301.53502
2024-01-10T00:05:50.500000,-2808.77572,-70459.31784,10520.15372,71295.71043
2024-01-10T00:05:51.500000,-2807.70278,-70454.53765,10512.93938,71289.87982
2024-01-10T00:05:52.500000,-2806.62871,-70449.75268,10505.71253,71284.04319
2024-01-10T00:05:53.500000,-2805.55354,-70444.96292,10498.47319,71278.20053
2024-01-10T00:05:54.500000,-2804.47725,-70440.16838,10491.22134,71272.35186
2024-01-10T00:05:55.500000,-2803.39986,-70435.36906,10483.95699,71266.49718
2024-01-10T00:05:56.500000,-2802.32138,-70430.56496,10476.68014,71260.63649
2024-01-10T00:05:57.500000,-2801.24180,-70425.75608,10469.39077,71254.76980
2024-01-10T00:05:58.500000,-2800.16114,-70420.94243,10462.08889,71248.89710
2024-01-10T00:05:59.500000,-2799.07939,-70416.12399,10454.77448,71243.01841
2024-01-10T00:06:00.500000,-2797.99657,-70411.30072,10447.44792,71237.13373
2024-01-10T00:06:01.500000,-2796.91268,-70406.47274,10440.10835,71231.24305
2024-01-10T00:06:02.500000,-2795.82772,-70401.64000,10432.75619,71225.34639
2024-01-10T00:06:03.500000,-2794.74171,-70396.80250,10425.39145,71219.44376
2024-01-10T00:06:04.500000,-2793.65464,-70391.96024,10418.01413,71213.53517
2024-01-10T00:06:05.500000,-2792.56653,-70387.11324,10410.62422,71207.62062
2024-01-10T00:06:06.500000,-2791.47737,-70382.26148,10403.22173,71201.70012
2024-01-10T00:06:07.500000,-2790.38718,-70377.40499,10395.80668,71195.77368
2024-01-10T00:06:08.500000,-2789.29595,-70372.54375,10388.37907,71189.84131
2024-01-10T00:06:09.500000,-2788.20371,-70367.67777,10380.93891,71183.90301
2024-01-10T00:06:10.500000,-2787.11045,-70362.80712,10373.48585,71177.95880
2024-01-10T00:06:11.500000,-2786.01618,-70357.93167,10366.02071,71172.00869
2024-01-10T00:06:12.500000,-2784.92091,-70353.05149,10358.54308,71166.05267
2024-01-10T00:06:13.500000,-2783.82464,-70348.16658,10351.05298,71160.09077
2024-01-10T00:06:14.500000,-2782.72739,-70343.27695,10343.55041,71154.12299
2024-01-10T00:06:15.500000,-2781.62917,-70338.38259,10336.03536,71148.14933
2024-01-10T00:06:16.500000,-2780.52997,-70333.48352,10328.50784,71142.16981
2024-01-10T00:06:17.500000,-2779.42982,-70328.57973,10320.96784,71136.18443
2024-01-10T00:06:18.500000,-2778.32871,-70323.67124,10313.41536,71130.19320
2024-01-10T00:06:19.500000,-2777.22666,-70318.75805,10305.85040,71124.19612
2024-01-10T00:06:20.500000,-2776.12368,-70313.84011,10298.27324,71118.19321
2024-01-10T00:06:21.500000,-2775.01977,-70308.91754,10290.68322,71112.18448
2024-01-10T00:06:22.500000,-2773.91494,-70303.99027,10283.08068,71106.16992
2024-01-10T00:06:23.500000,-2772.80919,-70299.05833,10275.46561,71100.14955
2024-01-10T00:06:24.500000,-2771.70252,-70294.12171,10267.83800,71094.12338
2024-01-10T00:06:25.500000,-2770.59496,-70289.18042,10260.19786,71088.09141
2024-01-10T00:06:26.500000,-2769.48649,-70284.23446,10252.54518,71082.05365
2024-01-10T00:06:27.500000,-2768.37713,-70279.28383,10244.87998,71076.01011
2024-01-10T00:06:28.500000,-2767.26688,-70274.32854,10237.20225,71069.96079
2024-01-10T00:06:29.500000,-2766.15575,-70269.36858,10229.51200,71063.90570
2024-01-10T00:06:30.500000,-2765.04374,-70264.40399,10221.80907,71057.84485
2024-01-10T00:06:31.500000,-2763.93086,-70259.43471,10214.09384,71051.77825
2024-01-10T00:06:32.500000,-2762.81712,-70254.46076,10206.36612,71045.70589
2024-01-10T00:06:33.500000,-2761.70252,-70249.48216,10198.62592,71039.62778
2024-01-10T00:06:34.500000,-2760.58707,-70244.49889,10190.87325,71033.54393
2024-01-10T00:06:35.500000,-2759.47079,-70239.51096,10183.10811,71027.45433
2024-01-10T00:06:36.500000,-2758.35367,-70234.51836,10175.33051,71021.35901
2024-01-10T00:06:37.500000,-2757.23573,-70229.52111,10167.54043,71015.25795
2024-01-10T00:06:38.500000,-2756.11697,-70224.51919,10159.73789,71009.15117
2024-01-10T00:06:39.500000,-2754.99740,-70219.51262,10151.92289,71003.03868
2024-01-10T00:06:40.500000,-2753.87703,-70214.50138,10144.09548,70996.92047
2024-01-10T00:06:41.500000,-2752.75587,-70209.48549,10136.25554,70990.79654
2024-01-10T00:06:42.500000,-2751.63392,-70204.46495,10128.40313,70984.66693
2024-01-10T00:06:43.500000,-2750.51117,-70199.43977,10120.53826,70978.53162
2024-01-10T00:06:44.500000,-2749.38765,-70194.40996,10112.66092,70972.39064
2024-01-10T00:06:45.500000,-2748.26334,-70189.37551,10104.77110,70966.24398
2024-01-10T00:06:46.500000,-2747.13826,-70184.33644,10096.86882,70960.09167
2024-01-10T00:06:47.500000,-2746.01241,-70179.29275,10088.95407,70953.93371
2024-01-10T00:06:48.500000,-2744.88580,-70174.24444,10081.02685,70947.77011
2024-01-10T00:06:49.500000,-2743.75843,-70169.19153,10073.08715,70941.60087
2024-01-10T00:06:50.500000,-2742.63030,-70164.13400,10065.13506,70935.42602
2024-01-10T00:06:51.500000,-2741.50141,-70159.07190,10057.17041,70929.24557
2024-01-10T00:06:52.500000,-2740.37179,-70154.00521,10049.19329,70923.05951
2024-01-10T00:06:53.500000,-2739.24144,-70148.93393,10041.20370,70916.86786
2024-01-10T00:06:54.500000,-2738.11038,-70143.85808,10033.20164,70910.67063
2024-01-10T00:06:55.500000,-2736.97862,-70138.77764,10025.18712,70904.46783
2024-01-10T00:06:56.500000,-2735.84615,-70133.69263,10017.16014,70898.25946
2024-01-10T00:06:57.500000,-2734.71301,-70128.60306,10009.12071,70892.04553
2024-01-10T00:06:58.500000,-2733.57918,-70123.50892,10001.06883,70885.82606
2024-01-10T00:06:59.500000,-2732.44468,-70118.41021,9993.00451,70879.60104
2024-01-10T00:07:00.500000,-2731.30954,-70113.30697,9984.92757,70873.37049
2024-01-10T00:07:01.500000,-2730.17375,-70108.19914,9976.83842,70867.13442
2024-01-10T00:07:02.500000,-2729.03732,-70103.08676,9968.73684,70860.89283
2024-01-10T00:07:03.500000,-2727.90024,-70097.96982,9960.62286,70854.64573
2024-01-10T00:07:04.500000,-2726.76251,-70092.84834,9952.49646,70848.39313
2024-01-10T00:07:05.500000,-2725.62415,-70087.72232,9944.35764,70842.13503
2024-01-10T00:07:06.500000,-2724.48515,-70082.59176,9936.20641,70835.87145
2024-01-10T00:07:07.500000,-2723.34551,-70077.45666,9928.04276,70829.60240
2024-01-10T00:07:08.500000,-2722.20525,-70072.31703,9919.86668,70823.32787
2024-01-10T00:07:09.500000,-2721.06436,-70067.17288,9911.67817,70817.04788
2024-01-10T00:07:10.500000,-2719.92284,-70062.02416,9903.47752,70810.76244
2024-01-10T00:07:11.500000,-2718.78069,-70056.87098,9895.26408,70804.47155
2024-01-10T00:07:12.500000,-2717.63793,-70051.71328,9887.03818,70798.17521
2024-01-10T00:07:13.500000,-2716.49458,-70046.55107,9878.79982,70791.87344
2024-01-10T00:07:14.500000,-2715.35064,-70041.38435,9870.54901,70785.56624
2024-01-10T00:07:15.500000,-2714.20612,-70036.21311,9862.28575,70779.25361
2024-01-10T00:07:16.500000,-2713.06103,-70031.03737,9854.01005,70772.93557
2024-01-10T00:07:17.500000,-2711.91538,-70025.85711,9845.72191,70766.61211
2024-01-10T00:07:18.500000,-2710.76918,-70020.67235,9837.42136,70760.28325
2024-01-10T00:07:19.500000,-2709.62244,-70015.48309,9829.10841,70753.94899
2024-01-10T00:07:20.500000,-2708.47517,-70010.28936,9820.78268,70747.60933
2024-01-10T00:07:21.500000,-2707.32740,-70005.09106,9812.44502,70741.26429
2024-01-10T00:07:22.500000,-2706.17911,-69999.88826,9804.09501,70734.91388
2024-01-10T00:07:23.500000,-2705.03031,-69994.68097,9795.73267,70728.55810
2024-01-10T00:07:24.500000,-2703.88100,-69989.46918,9787.35799,70722.19698
2024-01-10T00:07:25.500000,-2702.73121,-69984.25291,9778.97098,70715.83051
2024-01-10T00:07:26.500000,-2701.58092,-69979.03216,9770.57163,70709.45872
2024-01-10T00:07:27.500000,-2700.43014,-69973.80695,9762.15993,70703.08160
2024-01-10T00:07:28.500000,-2699.27889,-69968.57727,9753.73588,70696.69918
2024-01-10T00:07:29.500000,-2698.12716,-69963.34314,9745.29947,70690.31146
2024-01-10T00:07:30.500000,-2696.97496,-69958.10451,9736.85109,70683.91847
2024-01-10T00:07:31.500000,-2695.82229,-69952.86151,9728.38986,70677.52019
2024-01-10T00:07:32.500000,-2694.66917,-69947.61408,9719.91621,70671.11665
2024-01-10T00:07:33.500000,-2693.51559,-69942.36222,9711.43015,70664.70785
2024-01-10T00:07:34.500000,-2692.36156,-69937.10594,9702.93167,70658.29379
2024-01-10T00:07:35.500000,-2691.20710,-69931.84523,9694.42077,70651.87448
2024-01-10T00:07:36.500000,-2690.05220,-69926.58010,9685.89747,70645.44993
2024-01-10T00:07:37.500000,-2688.89688,-69921.31055,9677.36177,70639.02014
2024-01-10T00:07:38.500000,-2687.74113,-69916.03659,9668.81368,70632.58513
2024-01-10T00:07:39.500000,-2686.58497,-69910.75820,9660.25321,70626.14490
2024-01-10T00:07:40.500000,-2685.42839,-69905.47545,9651.67999,70619.69945
2024-01-10T00:07:41.500000,-2684.27142,-69900.18821,9643.09488,70613.24879
2024-01-10T00:07:42.500000,-2683.11405,-69894.89656,9634.49746,70606.79293
2024-01-10T00:07:43.500000,-2681.95629,-69889.60050,9625.88773,70600.33188
2024-01-10T00:07:44.500000,-2680.79815,-69884.30002,9617.26570,70593.86565
2024-01-10T00:07:45.500000,-2679.63964,-69878.99514,9608.63137,70587.39425
2024-01-10T00:07:46.500000,-2678.48076,-69873.68585,9599.98474,70580.91768
2024-01-10T00:07:47.500000,-2677.32151,-69868.37217,9591.32581,70574.43595
2024-01-10T00:07:48.500000,-2676.16191,-69863.05409,9582.65457,70567.94909
2024-01-10T00:07:49.500000,-2675.00196,-69857.73163,9573.97101,70561.45708
2024-01-10T00:07:50.500000,-2673.84168,-69852.40474,9565.27551,70554.95995
2024-01-10T00:07:51.500000,-2672.68106,-69847.07353,9556.56724,70548.45769
2024-01-10T00:07:52.500000,-2671.52011,-69841.73797,9547.84661,70541.95034
2024-01-10T00:07:53.500000,-2670.35885,-69836.39806,9539.11363,70535.43790
2024-01-10T00:07:54.500000,-2669.19728,-69831.05382,9530.36828,70528.92039
2024-01-10T00:07:55.500000,-2668.03541,-69825.70524,9521.61059,70522.39782
2024-01-10T00:07:56.500000,-2666.87324,-69820.35235,9512.84055,70515.87020
2024-01-10T00:07:57.500000,-2665.71079,-69814.99514,9504.05818,70509.33755
2024-01-10T00:07:58.500000,-2664.54806,-69809.63362,9495.26348,70502.79988
2024-01-10T00:07:59.500000,-2663.38506,-69804.26779,9486.45646,70496.25719
2024-01-10T00:08:00.500000,-2662.22179,-69798.89773,9477.63677,70489.70952
2024-01-10T00:08:01.500000,-2661.05827,-69793.52333,9468.80524,70483.15687
2024-01-10T00:08:02.500000,-2659.89450,-69788.14462,9459.96145,70476.59923
2024-01-10T00:08:03.500000,-2658.73048,-69782.76160,9451.10542,70470.03660
2024-01-10T00:08:04.500000,-2657.56622,-69777.37427,9442.23714,70463.46898
2024-01-10T00:08:05.500000,-2656.40173,-69771.98262,9433.35661,70456.89637
2024-01-10T00:08:06.500000,-2655.23702,-69766.58666,9424.46384,70450.31878
2024-01-10T00:08:07.500000,-2654.07208,-69761.18638,9415.55882,70443.73622
2024-01-10T00:08:08.500000,-2652.90693,-69755.78179,9406.64155,70437.14868
2024-01-10T00:08:09.500000,-2651.74157,-69750.37288,9397.71201,70430.55616
2024-01-10T00:08:10.500000,-2650.57600,-69744.95959,9388.77057,70423.95866
2024-01-10T00:08:11.500000,-2649.41024,-69739.54202,9379.81642,70417.35618
2024-01-10T00:08:12.500000,-2648.24428,-69734.12015,9370.84996,70410.74875
2024-01-10T00:08:13.500000,-2647.07815,-69728.69400,9361.87119,70404.13640
2024-01-10T00:08:14.500000,-2645.91183,-69723.26357,9352.88011,70397.51912
2024-01-10T00:08:15.500000,-2644.74534,-69717.82888,9343.87672,70390.89695
2024-01-10T00:08:16.500000,-2643.57870,-69712.38992,9334.86104,70384.26989
2024-01-10T00:08:17.500000,-2642.41189,-69706.94673,9325.83307,70377.63796
2024-01-10T00:08:18.500000,-2641.24494,-69701.49929,9316.79283,70371.00118
2024-01-10T00:08:19.500000,-2640.07784,-69696.04762,9307.74031,70364.35955
2024-01-10T00:08:20.500000,-2638.91061,-69690.59180,9298.67526,70357.71312
2024-01-10T00:08:21.500000,-2637.74326,-69685.13173,9289.59831,70351.06190
2024-01-10T00:08:22.500000,-2636.57579,-69679.66745,9280.50915,70344.40587
2024-01-10T00:08:23.500000,-2635.40820,-69674.19895,9271.40779,70337.74505
2024-01-10T00:08:24.500000,-2634.24052,-69668.72625,9262.29425,70331.07944
2024-01-10T00:08:25.500000,-2633.07273,-69663.24934,9253.16851,70324.40905
2024-01-10T00:08:26.500000,-2631.90486,-69657.76823,9244.03060,70317.73389
2024-01-10T00:08:27.500000,-2630.73691,-69652.28291,9234.88050,70311.05397
2024-01-10T00:08:28.500000,-2629.56889,-69646.79340,9225.71823,70304.36928
2024-01-10T00:08:29.500000,-2628.40080,-69641.29968,9216.54377,70297.67984
2024-01-10T00:08:30.500000,-2627.23266,-69635.80173,9207.35726,70290.98564
2024-01-10T00:08:31.500000,-2626.06446,-69630.29960,9198.15840,70284.28669
2024-01-10T00:08:32.500000,-2624.89622,-69624.79328,9188.94735,70277.58301
2024-01-10T00:08:33.500000,-2623.72795,-69619.28278,9179.72409,70270.87460
2024-01-10T00:08:34.500000,-2622.55964,-69613.76810,9170.48862,70264.16149
2024-01-10T00:08:35.500000,-2621.39130,-69608.24925,9161.24095,70257.44367
2024-01-10T00:08:36.500000,-2620.22295,-69602.72623,9151.98107,70250.72116
2024-01-10T00:08:37.500000,-2619.05458,-69597.19904,9142.70898,70243.99397
2024-01-10T00:08:38.500000,-2617.88621,-69591.66771,9133.42469,70237.26211
2024-01-10T00:08:39.500000,-2616.71784,-69586.13222,9124.12818,70230.52559
2024-01-10T00:08:40.500000,-2615.54947,-69580.59258,9114.81953,70223.78442
2024-01-10T00:08:41.500000,-2614.38111,-69575.04882,9105.49860,70217.03862
2024-01-10T00:08:42.500000,-2613.21276,-69569.50093,9096.16547,70210.28818
2024-01-10T00:08:43.500000,-2612.04444,-69563.94891,9086.82014,70203.53313
2024-01-10T00:08:44.500000,-2610.87615,-69558.39276,9077.46262,70196.77346
2024-01-10T00:08:45.500000,-2609.70790,-69552.83249,9068.09292,70190.00920
2024-01-10T00:08:46.500000,-2608.53968,-69547.26810,9058.71104,70183.24034
2024-01-10T00:08:47.500000,-2607.37151,-69541.69959,9049.31700,70176.46690
2024-01-10T00:08:48.500000,-2606.20339,-69536.12697,9039.91080,70169.68888
2024-01-10T00:08:49.500000,-2605.03534,-69530.55025,9030.49245,70162.90631
2024-01-10T00:08:50.500000,-2603.86735,-69524.96945,9021.06177,70156.11917
2024-01-10T00:08:51.500000,-2602.69943,-69519.38451,9011.61921,70149.32749
2024-01-10T00:08:52.500000,-2601.53159,-69513.79548,9002.16454,70142.53128
2024-01-10T00:08:53.500000,-2600.36383,-69508.20236,8992.69778,70135.73055
2024-01-10T00:08:54.500000,-2599.19617,-69502.60515,8983.21892,70128.92531
2024-01-10T00:08:55.500000,-2598.02859,-69497.00387,8973.72798,70122.11558
2024-01-10T00:08:56.500000,-2596.86113,-69491.39852,8964.22494,70115.30136
2024-01-10T00:08:57.500000,-2595.69377,-69485.78911,8954.70981,70108.48267
2024-01-10T00:08:58.500000,-2594.52653,-69480.17564,8945.18258,70101.65951
2024-01-10T00:08:59.500000,-2593.35941,-69474.55813,8935.64325,70094.83191
2024-01-10T00:09:00.500000,-2592.19242,-69468.93654,8926.09208,70087.99987
2024-01-10T00:09:01.500000,-2591.02556,-69463.31096,8916.52849,70081.16340
2024-01-10T00:09:02.500000,-2589.85885,-69457.68135,8906.95276,70074.32251
2024-01-10T00:09:03.500000,-2588.69230,-69452.04771,8897.36491,70067.47720
2024-01-10T00:09:04.500000,-2587.52593,-69446.41005,8887.76493,70060.62750
2024-01-10T00:09:05.500000,-2586.35973,-69440.76837,8878.15283,70053.77339
2024-01-10T00:09:06.500000,-2585.19372,-69435.12267,8868.52861,70046.91490
2024-01-10T00:09:07.500000,-2584.02791,-69429.47296,8858.89228,70040.05202
2024-01-10T00:09:08.500000,-2582.86230,-69423.81923,8849.24385,70033.18478
2024-01-10T00:09:09.500000,-2581.69691,-69418.16149,8839.58333,70026.31318
2024-01-10T00:09:10.500000,-2580.53175,-69412.49977,8829.91047,70019.43721
2024-01-10T00:09:11.500000,-2579.36683,-69406.83401,8820.22584,70012.55690
2024-01-10T00:09:12.500000,-2578.20215,-69401.16424,8810.52918,70005.67226
2024-01-10T00:09:13.500000,-2577.03769,-69395.49048,8800.82047,69998.78330
2024-01-10T00:09:14.500000,-2575.87347,-69389.81274,8791.09973,69991.89003
2024-01-10T00:09:15.500000,-2574.70948,-69384.13101,8781.36697,69984.99247
2024-01-10T00:09:16.500000,-2573.54574,-69378.44532,8771.62217,69978.09063
2024-01-10T00:09:17.500000,-2572.38223,-69372.75566,8761.86535,69971.18452
2024-01-10T00:09:18.500000,-2571.21898,-69367.06204,8752.09650,69964.27415
2024-01-10T00:09:19.500000,-2570.05597,-69361.36448,8742.31562,69957.35953
2024-01-10T00:09:20.500000,-2568.89320,-69355.66296,8732.52291,69950.44069
2024-01-10T00:09:21.500000,-2567.73068,-69349.95753,8722.71793,69943.51763
2024-01-10T00:09:22.500000,-2566.56843,-69344.24818,8712.90090,69936.59036
2024-01-10T00:09:23.500000,-2565.40646,-69338.53492,8703.07181,69929.65890
2024-01-10T00:09:24.500000,-2564.24478,-69332.81775,8693.23068,69922.72326
2024-01-10T00:09:25.500000,-2563.08341,-69327.09667,8683.37751,69915.78344
2024-01-10T00:09:26.500000,-2561.92235,-69321.37168,8673.51229,69908.83945
2024-01-10T00:09:27.500000,-2560.76162,-69315.64281,8663.63505,69901.89132
2024-01-10T00:09:28.500000,-2559.60123,-69309.91003,8653.74578,69894.93904
2024-01-10T00:09:29.500000,-2558.44119,-69304.17337,8643.84449,69887.98263
2024-01-10T00:09:30.500000,-2557.28152,-69298.43284,8633.93109,69881.02209
2024-01-10T00:09:31.500000,-2556.12223,-69292.68841,8624.00581,69874.05745
2024-01-10T00:09:32.500000,-2554.96332,-69286.94010,8614.06856,69867.08869
2024-01-10T00:09:33.500000,-2553.80478,-69281.18790,8604.11932,69860.11584
2024-01-10T00:09:34.500000,-2552.64663,-69275.43183,8594.15813,69853.13890
2024-01-10T00:09:35.500000,-2551.48886,-69269.67189,8584.18497,69846.15788
2024-01-10T00:09:36.500000,-2550.33148,-69263.90807,8574.19986,69839.17279
2024-01-10T00:09:37.500000,-2549.17450,-69258.14039,8564.20281,69832.18363
2024-01-10T00:09:38.500000,-2548.01792,-69252.36883,8554.19381,69825.19041
2024-01-10T00:09:39.500000,-2546.86174,-69246.59342,8544.17288,69818.19315
2024-01-10T00:09:40.500000,-2545.70596,-69240.81415,8534.13998,69811.19185
2024-01-10T00:09:41.500000,-2544.55057,-69235.03102,8524.09520,69804.18652
